SomeRank,LawSchool,GPALow,GPAMedian,GPAHigh,LSATLow,LSATMedian,LSATHigh,Accept,SFRatio,EmployedAtGrad,EmployedAt10Mos,State,PassBar,StateBar,Library,MaleFac,FemFac,MinFac,MinStu
1,Harvard University,3.8,3.9,3.97,170,173,175,0.129,7.6,0.905,0.921,MA,0.972,0.757,3018822,0.669,0.331,0.169,0.496
1,Yale University,3.84,3.92,3.98,170,173,176,0.069,4.2,0.817,0.835,CT,0.983,0.757,1364230,0.65,0.35,0.117,0.461
3,Columbia University,3.63,3.75,3.84,170,172,174,0.168,4.9,0.924,0.933,NY,0.977,0.757,1302920,0.656,0.344,0.122,0.498
4,Stanford University,3.82,3.93,3.99,169,171,174,0.087,4,0.888,0.904,CA,0.953,0.583,492859,0.595,0.405,0.186,0.421
4,U. of Chicago,3.73,3.89,3.96,167,171,173,0.175,5.1,0.93,0.939,IL,0.989,0.79,707136,0.688,0.312,0.118,0.372
6,New York University,3.61,3.79,3.9,167,170,172,0.236,5.3,0.897,0.909,NY,0.975,0.757,1059572,0.682,0.318,0.143,0.416
6,U. of Pennsylvania,3.49,3.89,3.95,164,170,171,0.146,4.9,0.949,0.969,PA,0.985,0.796,1224184,0.647,0.353,0.2,0.429
8,Duke University,3.66,3.78,3.87,167,169,170,0.202,5.5,0.916,0.956,NC,0.978,0.757,711681,0.65,0.35,0.126,0.358
8,Northwestern University,3.58,3.84,3.9,164,169,170,0.193,3.6,0.859,0.919,IL,0.935,0.79,827547,0.637,0.363,0.104,0.43
8,U. of Michigan-Ann Arbor,3.55,3.77,3.89,165,169,171,0.196,6.8,0.886,0.928,MI,0.966,0.757,1052608,0.616,0.384,0.106,0.321
8,U. of Virginia,3.59,3.89,3.97,163,169,171,0.153,6.5,0.926,0.939,VA,0.99,0.757,806421,0.7,0.3,0.1,0.26
12,U. of California-Berkeley,3.64,3.8,3.9,165,168,170,0.202,5.8,0.843,0.902,CA,0.892,0.583,1133024,0.592,0.408,0.194,0.496
12,U. of California-Los Angeles,3.52,3.72,3.85,165,168,169,0.225,5.9,0.715,0.838,CA,0.86,0.583,709053,0.547,0.453,0.195,0.438
12,Washington U. in St Louis,3.39,3.81,3.89,160,168,170,0.3,6.8,0.724,0.902,MO,0.955,0.857,773390,0.655,0.345,0.109,0.412
15,Cornell University,3.73,3.82,3.89,164,167,168,0.211,4.9,0.911,0.931,NY,0.959,0.757,785110,0.673,0.327,0.17,0.55
15,Georgetown University,3.56,3.8,3.9,163,167,168,0.212,4.8,0.777,0.829,DC,0.956,0.757,1212577,0.686,0.314,0.043,0.508
15,U. of Texas-Austin,3.47,3.74,3.88,160,167,168,0.209,4,0.685,0.847,TX,0.904,0.745,1129100,0.668,0.332,0.102,0.356
15,Vanderbilt University,3.61,3.8,3.87,161,167,168,0.237,7.4,0.798,0.883,TN,0.95,0.757,656173,0.617,0.383,0.15,0.329
19,Boston University,3.31,3.74,3.84,160,166,167,0.259,6.8,0.645,0.788,MA,0.874,0.773,1107572,0.577,0.423,0.183,0.364
19,U. of Southern California,3.61,3.78,3.89,163,166,167,0.192,5.9,0.718,0.876,CA,0.876,0.583,428076,0.679,0.321,0.15,0.464
21,Emory University,3.51,3.79,3.91,158,165,166,0.296,8.3,0.62,0.793,GA,0.808,0.718,306321,0.623,0.377,0.131,0.462
21,George Washington U.,3.37,3.71,3.8,160,165,166,0.342,5.9,0.683,0.812,DC,0.958,0.701,756712,0.703,0.297,0.139,0.4
21,U. of Notre Dame,3.49,3.71,3.89,159,165,166,0.251,6.3,0.71,0.86,IN,0.841,0.79,746789,0.669,0.331,0.083,0.313
24,Boston College,3.31,3.62,3.68,161,164,164,0.286,6.9,0.592,0.849,MA,0.886,0.773,550554,0.546,0.454,0.155,0.317
24,Brigham Young University,3.51,3.8,3.91,160,164,166,0.381,6.1,0.438,0.731,UT,0.833,0.826,488438,0.722,0.278,0.052,0.225
24,Fordham University,3.38,3.6,3.7,161,164,166,0.259,6.6,0.619,0.768,NY,0.923,0.757,431024,0.615,0.385,0.131,0.378
24,U. of Alabama,3.42,3.88,3.95,157,164,165,0.311,6.4,0.618,0.893,AL,0.945,0.696,676336,0.68,0.32,0.117,0.223
24,U. of Minnesota-Twin Cities,3.52,3.76,3.88,161,164,166,0.349,5,0.776,0.868,MN,0.902,0.801,1134058,0.655,0.345,0.075,0.268
29,Arizona State University,3.37,3.76,3.9,158,163,164,0.342,7,0.788,0.889,AZ,0.743,0.638,95735,0.683,0.317,0.192,0.315
29,George Mason U. (Scalia),3.45,3.76,3.88,157,163,164,0.259,4.6,0.52,0.776,VA,0.815,0.755,300137,0.698,0.302,0.151,0.252
29,U. of California-Irvine,3.4,3.57,3.73,161,163,165,0.248,5.8,0.615,0.792,CA,0.805,0.583,36498,0.513,0.487,0.244,0.549
29,U. of Florida (Levin),3.33,3.72,3.84,155,163,164,0.279,5.8,0.599,0.861,FL,0.767,0.679,625286,0.596,0.404,0.179,0.365
29,U. of Georgia,3.39,3.67,3.85,159,163,164,0.268,8,0.707,0.901,GA,0.894,0.718,551145,0.574,0.426,0.158,0.218
29,U. of Washington,3.44,3.69,3.8,158,163,165,0.264,5.4,0.525,0.763,WA,0.857,0.741,705321,0.594,0.406,0.138,0.372
29,Washington and Lee U.,3.21,3.51,3.68,158,163,164,0.287,6.9,0.616,0.828,VA,0.867,0.755,497250,0.685,0.315,0.098,0.247
36,College of William and Mary,3.4,3.8,3.9,156,162,164,0.361,6.4,0.611,0.808,VA,0.848,0.755,447497,0.64,0.36,0.076,0.242
36,Indiana U.-Bloomington,3.49,3.72,3.88,157,162,163,0.391,6,0.61,0.797,IN,0.875,0.729,800168,0.651,0.349,0.127,0.322
36,U. of California-Davis,3.37,3.63,3.74,157,162,165,0.346,7.7,0.575,0.772,CA,0.757,0.583,508592,0.557,0.443,0.381,0.558
36,U. of Colorado-Boulder,3.41,3.71,3.82,156,162,164,0.338,6.4,0.536,0.839,CO,0.874,0.751,552673,0.591,0.409,0.189,0.314
36,U. of Illinois-Urbana-Champ.,3.25,3.65,3.8,157,162,164,0.33,5,0.606,0.866,IL,0.953,0.79,829306,0.567,0.433,0.149,0.366
36,U. of Wisconsin-Madison,3.23,3.58,3.76,158,162,164,0.456,5.9,0.528,0.824,WI,,0.771,1361485,0.517,0.483,0.15,0.258
36,Wake Forest University,3.4,3.6,3.7,162,162,163,0.339,5.5,0.588,0.898,NC,0.887,0.653,419198,0.652,0.348,0.081,0.22
43,Cardozo-Yeshiva University,3.24,3.52,3.71,157,161,162,0.403,6.9,0.527,0.87,NY,0.856,0.757,609211,0.579,0.421,0.099,0.397
43,Northeastern University,3.37,3.6,3.79,156,161,163,0.415,9,0.451,0.796,MA,0.901,0.773,265391,0.432,0.568,0.158,0.431
43,Ohio State University (Moritz),3.55,3.75,3.91,157,161,163,0.361,7.2,0.624,0.861,OH,0.871,0.754,721005,0.643,0.357,0.139,0.284
43,Southern Methodist Univ.,3.43,3.68,3.8,155,161,163,0.472,6.9,0.619,0.835,TX,0.85,0.745,666576,0.681,0.319,0.097,0.342
43,Temple University (Beasley),3.31,3.54,3.7,157,161,163,0.359,6.1,0.613,0.862,PA,0.838,0.796,578659,0.604,0.396,0.177,0.328
43,U. of Arizona (Rogers),3.32,3.7,3.82,155,161,162,0.255,4.5,0.477,0.805,AZ,0.756,0.638,314970,0.611,0.389,0.159,0.435
43,U. of Iowa,3.45,3.61,3.77,157,161,163,0.46,7.7,0.584,0.832,IA,0.932,0.858,1455063,0.575,0.425,0.126,0.33
43,U. of N. Carolina-Chap. Hill,3.36,3.59,3.75,158,161,163,0.469,8.5,0.626,0.836,NC,0.838,0.653,583453,0.541,0.459,0.148,0.312
43,U. of Richmond,3.24,3.59,3.69,156,161,162,0.319,5.1,0.51,0.819,VA,0.731,0.755,473746,0.567,0.433,0.078,0.265
52,Baylor University,3.31,3.59,3.76,157,160,161,0.39,7.6,0.515,0.854,TX,0.921,0.745,126038,0.701,0.287,0.057,0.258
52,Florida State University,3.35,3.63,3.79,157,160,161,0.359,6.3,0.432,0.803,FL,0.811,0.679,306650,0.602,0.398,0.172,0.316
52,Loyola Law School,3.37,3.58,3.72,157,160,162,0.363,8.8,0.395,0.786,CA,0.742,0.583,572322,0.601,0.399,0.282,0.462
52,Penn State U. (Dickinson),3.21,3.43,3.66,158,160,162,0.434,6,0.459,0.787,PA,0.921,0.796,549027,0.49,0.51,0.196,0.309
52,Pepperdine University,3.35,3.63,3.79,155,160,161,0.363,6.4,0.341,0.753,CA,0.638,0.583,386296,0.683,0.317,0.151,0.42
52,U. of Houston,3.35,3.61,3.75,156,160,161,0.331,6.3,0.463,0.775,TX,0.852,0.745,587004,0.653,0.347,0.178,0.397
58,Case Western Reserve U.,3.23,3.46,3.67,155,159,161,0.503,6.1,0.42,0.71,OH,0.919,0.754,438368,0.709,0.291,0.082,0.282
58,Penn State U. (University Park),3.32,3.58,3.74,155,159,160,0.351,8.2,0.553,0.781,PA,0.926,0.796,455918,0.633,0.367,0.15,0.257
58,St. John's University,3.33,3.61,3.76,153,159,160,0.419,9.1,0.556,0.818,NY,0.886,0.757,441264,0.623,0.377,0.136,0.291
58,Tulane University,3.16,3.46,3.64,156,159,161,0.534,6.9,0.594,0.783,LA,0.907,0.766,695893,0.73,0.27,0.061,0.262
58,U. of San Diego,3.23,3.53,3.69,156,159,161,0.354,7.8,0.373,0.676,CA,0.761,0.583,550092,0.705,0.295,0.081,0.415
58,U. of Utah (SJ Quinney),3.32,3.56,3.72,157,159,161,0.475,4.8,0.573,0.889,UT,0.867,0.826,285277,0.554,0.446,0.098,0.179
64,American University,3.08,3.43,3.58,155,158,160,0.486,6.4,0.422,0.68,DC,0.66,0.701,558968,0.599,0.401,0.249,0.418
64,Georgia State University,3.25,3.47,3.64,155,158,160,0.3,5.6,0.505,0.81,GA,0.818,0.718,238914,0.541,0.459,0.148,0.353
64,Lewis & Clark (Northwestern),3.08,3.37,3.67,155,158,161,0.55,6.7,0.273,0.656,OR,0.838,0.818,497928,0.597,0.403,0.132,0.295
64,Seton Hall University,3.15,3.49,3.7,154,158,160,0.486,7.1,0.784,0.886,NJ,0.818,0.699,461893,0.579,0.421,0.114,0.324
64,U. of California-Hastings,3.24,3.44,3.59,156,158,161,0.449,6.9,0.325,0.671,CA,0.588,0.583,608069,0.581,0.419,0.17,0.5
64,U. of Connecticut,3.2,3.45,3.62,155,158,161,0.39,4.1,0.523,0.765,CT,0.83,0.764,595227,0.631,0.369,0.115,0.296
64,U. of Denver,3.2,3.5,3.6,154,158,160,0.478,6.6,0.508,0.802,CO,0.768,0.751,369032,0.61,0.39,0.136,0.278
64,U. of Maryland,3.28,3.56,3.7,154,158,161,0.477,4.3,0.587,0.762,MD,0.767,0.664,610517,0.591,0.409,0.142,0.335
64,U. of Miami,3.17,3.43,3.65,155,158,161,0.559,8.9,0.4,0.827,FL,0.863,0.679,680240,0.631,0.369,0.199,0.595
64,U. of Nevada-Las Vegas,3.44,3.66,3.79,153,158,160,0.308,6,0.547,0.828,NV,0.792,0.713,431481,0.576,0.424,0.174,0.398
64,U. of Tennessee-Knoxville,3.25,3.62,3.78,154,158,160,0.373,4.9,0.56,0.85,TN,0.86,0.744,490361,0.605,0.395,0.085,0.244
64,Villanova University,3.35,3.57,3.74,154,158,160,0.295,8.6,0.579,0.824,PA,0.766,0.796,478600,0.579,0.421,0.088,0.244
64,Wayne State U.,3.26,3.5,3.69,155,158,161,0.481,7.6,0.368,0.728,MI,0.778,0.751,633352,0.545,0.455,0.13,0.222
77,Brooklyn Law School,3.2,3.4,3.6,155,157,159,0.472,7.8,0.535,0.802,NY,0.787,0.757,587749,0.643,0.357,0.106,0.393
77,Chapman University,3.17,3.42,3.56,154,157,158,0.38,7.1,0.372,0.682,CA,0.636,0.583,290944,0.611,0.389,0.08,0.549
77,IIT Chicago-Kent,3.09,3.44,3.64,151,157,160,0.493,7,0.435,0.758,IL,0.791,0.79,500761,0.739,0.261,0.13,0.391
77,Loyola U. Chicago,3.18,3.43,3.6,154,157,160,0.458,6.1,0.414,0.775,IL,0.778,0.79,403787,0.526,0.474,0.11,0.326
77,Texas A&M University,3.27,3.51,3.7,155,157,158,0.302,4.8,0.299,0.739,TX,0.814,0.745,309052,0.554,0.446,0.188,0.341
77,U. of Cincinnati,3.34,3.62,3.82,154,157,160,0.479,6.9,0.514,0.8,OH,0.823,0.754,359995,0.593,0.407,0.105,0.283
77,U. of Kansas,3.28,3.57,3.76,153,157,160,0.519,7.2,0.372,0.76,KS,0.86,0.815,326370,0.6,0.4,0.08,0.221
77,U. of Missouri-Columbia,3.04,3.49,3.7,155,157,160,0.482,6.5,0.588,0.853,MO,0.886,0.857,458834,0.579,0.421,0.07,0.21
77,U. of Oklahoma,3.3,3.6,3.78,154,157,159,0.389,10.8,0.462,0.865,OK,0.949,0.869,379430,0.638,0.362,0.145,0.279
77,U. of Oregon,3.2,3.4,3.6,154,157,159,0.504,6.5,0.375,0.702,OR,0.851,0.818,365282,0.537,0.463,0.105,0.245
77,U. of Pittsburgh,3.09,3.39,3.6,154,157,159,0.293,4.9,0.391,0.775,PA,0.855,0.796,378032,0.675,0.325,0.094,0.312
88,Drexel University (Kline),3.08,3.43,3.61,153,156,158,0.486,6,0.347,0.815,PA,0.761,0.796,72956,0.515,0.485,0.201,0.283
88,Florida International U.,3.38,3.63,3.76,152,156,157,0.333,7.9,0.374,0.806,FL,0.866,0.679,273612,0.656,0.344,0.489,0.654
88,U. of Nebraska-Lincoln,3.39,3.66,3.84,153,156,160,0.649,7,0.538,0.875,NE,0.934,0.817,453113,0.685,0.315,0.055,0.112
88,U. of New Hampshire,3.15,3.46,3.67,153,156,159,0.612,4.2,0.459,0.803,NH,0.919,0.753,323405,0.519,0.481,0.037,0.206
92,Belmont University,3.31,3.5,3.7,153,155,157,0.524,11.5,0.308,0.821,TN,0.926,0.744,22513,0.65,0.35,0.125,0.184
92,Rutgers Law School (SUNJ),3.08,3.36,3.6,153,155,158,0.488,5.4,0.608,0.829,NJ,0.764,0.699,1258294,0.628,0.372,0.16,0.396
92,Santa Clara University,3.04,3.32,3.49,152,155,157,0.577,6.4,0.279,0.64,CA,0.769,0.583,263005,0.564,0.436,0.441,0.544
92,St. Louis University,3.18,3.45,3.68,152,155,159,0.643,7.7,0.61,0.864,MO,0.922,0.857,665348,0.567,0.433,0.096,0.223
92,Stetson University,3.06,3.36,3.59,153,155,157,0.455,8,0.411,0.772,FL,0.723,0.679,397870,0.539,0.461,0.124,0.279
92,Texas Tech University,3.18,3.44,3.64,152,155,157,0.44,8.5,0.365,0.782,TX,0.836,0.745,357481,0.632,0.368,0.162,0.319
92,U. of Kentucky,3.22,3.46,3.73,152,155,157,0.48,8.8,0.611,0.912,KY,0.774,0.69,850846,0.548,0.452,0.068,0.215
92,U. of Mississippi,3.11,3.46,3.65,150,155,157,0.43,7,0.37,0.706,MS,0.725,0.64,420196,0.586,0.414,0.086,0.261
92,U. of Montana,3.06,3.37,3.64,152,155,158,0.624,7.5,0.451,0.78,MT,0.848,0.826,115947,0.462,0.538,0.135,0.149
92,U. of South Carolina,3.19,3.41,3.65,153,155,157,0.498,8.3,0.425,0.797,SC,0.764,0.718,349352,0.639,0.361,0.074,0.208
102,CUNY-Queens College,3.01,3.28,3.58,150,154,158,0.319,9.1,,0.713,NY,0.862,0.757,78675,0.354,0.646,0.367,0.564
102,Gonzaga University,3.09,3.32,3.58,152,154,156,0.642,8,0.29,0.682,WA,0.72,0.741,324640,0.621,0.379,0.106,0.223
102,Louisiana State-Baton Rouge,3.16,3.46,3.73,150,154,157,0.615,10.6,0.467,0.83,LA,0.807,0.766,859586,0.771,0.229,0.084,0.22
102,Marquette University,3.16,3.42,3.61,150,154,156,0.481,8,0.476,0.77,WI,,0.771,417279,0.625,0.375,0.083,0.211
102,Michigan State University,3.24,3.52,3.73,152,154,157,0.594,8.7,0.424,0.766,MI,0.827,0.751,300418,0.597,0.403,0.116,0.295
102,Regent University,3.27,3.55,3.73,150,154,158,0.433,7.9,0.295,0.718,VA,0.941,0.755,417074,0.707,0.293,0.146,0.243
102,Seattle University,3.03,3.32,3.54,150,154,157,0.652,6.7,0.316,0.689,WA,0.765,0.741,395021,0.554,0.446,0.217,0.398
102,Syracuse University,3.13,3.38,3.61,152,154,156,0.521,8.2,0.517,0.792,NY,0.914,0.757,554068,0.646,0.354,0.125,0.313
102,U. of Arkansas-Fayetteville,3.17,3.46,3.74,151,154,157,0.558,5.9,0.483,0.802,AR,0.8,0.775,375709,0.575,0.425,0.125,0.187
102,U. of Hawaii,3.01,3.32,3.63,152,154,157,0.497,3.5,0.63,0.796,HI,0.727,0.757,293051,0.511,0.489,0.44,0.707
102,U. of Maine,3.12,3.47,3.65,150,154,157,0.533,6.9,0.518,0.627,ME,0.791,0.744,276950,0.534,0.466,0.086,0.113
102,U. of St. Thomas,3.21,3.53,3.71,150,154,158,0.605,6.3,0.377,0.803,MN,0.832,0.801,227943,0.677,0.323,0.115,0.203
102,U. of Tulsa,3.09,3.48,3.63,150,154,157,0.417,6.6,0.453,0.919,OK,0.952,0.869,392738,0.484,0.516,0.097,0.345
115,Albany Law School Union U.,3.06,3.32,3.62,151,153,156,0.546,8.1,0.536,0.8,NY,0.706,0.757,749251,0.568,0.432,0.108,0.232
115,Catholic U. of America,3.19,3.41,3.58,150,153,156,0.514,5.9,0.432,0.649,DC,0.688,0.664,471859,0.588,0.412,0.167,0.533
115,Cleveland State U. (Marshall),3.1,3.43,3.64,150,153,156,0.526,5.8,0.333,0.65,OH,0.784,0.754,505580,0.598,0.402,0.161,0.188
115,Creighton University,3.03,3.29,3.6,150,153,156,0.521,8,0.525,0.762,NE,0.729,0.817,396922,0.729,0.271,0.085,0.241
115,DePaul University,2.94,3.2,3.41,150,153,154,0.587,6.2,0.452,0.696,IL,0.703,0.79,427987,0.544,0.456,0.204,0.369
115,Drake University,3.18,3.46,3.75,151,153,156,0.592,5.7,0.432,0.747,IA,0.815,0.858,359454,0.589,0.411,0.078,0.179
115,Hofstra University,3.11,3.42,3.67,148,153,155,0.481,7.5,0.489,0.81,NY,0.682,0.757,559291,0.615,0.385,0.098,0.373
115,Indiana U.-Indianapolis,3.14,3.45,3.66,149,153,156,0.596,6.3,0.335,0.77,IN,0.693,0.729,231044,0.543,0.457,0.093,0.214
115,New York Law School,3.13,3.36,3.58,150,153,155,0.524,9.3,0.481,0.743,NY,0.595,0.757,574810,0.572,0.428,0.117,0.402
115,Southwestern Univ.,2.98,3.22,3.49,150,153,155,0.461,8.1,0.193,0.586,CA,0.523,0.583,542873,0.576,0.424,0.266,0.522
115,Suffolk University,3.13,3.36,3.57,149,153,156,0.652,9,0.372,0.681,MA,0.636,0.773,215088,0.569,0.431,0.12,0.251
115,U. at Buffalo,3.14,3.41,3.63,150,153,156,0.579,5.5,0.368,0.711,NY,0.775,0.757,478990,0.546,0.454,0.085,0.289
115,U. of Akron,3.04,3.28,3.56,151,153,156,0.485,9,0.425,0.717,OH,0.708,0.754,201220,0.616,0.384,0.11,0.192
115,U. of Idaho,2.93,3.25,3.55,148,153,155,0.635,6.3,,0.667,ID,0.734,0.793,369718,0.575,0.425,0.11,0.245
115,U. of Louisville (Brandeis),3.13,3.37,3.61,151,153,156,0.651,9.4,0.521,0.781,KY,0.71,0.69,422987,0.677,0.323,0.129,0.146
115,U. of Missouri-Kansas City,3.15,3.41,3.76,151,153,156,0.474,6,0.333,0.83,MO,0.845,0.857,363244,0.631,0.369,0.081,0.224
115,U. of New Mexico,3.09,3.4,3.64,151,153,156,0.48,5.5,0.557,0.792,NM,0.904,0.857,457167,0.491,0.509,0.33,0.548
115,U. of the Pacific (McGeorge),3.06,3.32,3.57,148,153,156,0.595,6.9,0.282,0.595,CA,0.61,0.583,497411,0.657,0.343,0.114,0.44
115,U. of Wyoming,3.08,3.38,3.67,150,153,156,0.549,13,0.414,0.729,WY,0.804,0.727,351468,0.564,0.436,0.154,0.159
115,Washburn University,2.98,3.35,3.69,150,153,155,0.578,6.4,0.381,0.722,KS,0.742,0.815,418248,0.513,0.487,0.09,0.193
115,West Virginia U.,3.04,3.38,3.64,151,153,155,0.615,6.9,0.434,0.783,WV,0.773,0.75,142060,0.579,0.421,0.088,0.108
136,Campbell University,3.06,3.3,3.56,150,152,155,0.591,8.2,0.314,0.693,NC,0.824,0.653,207106,0.681,0.319,0.121,0.17
136,Duquesne University,3.12,3.38,3.68,150,152,154,0.632,7.3,0.381,0.794,PA,0.878,0.796,336167,0.649,0.351,0.096,0.106
136,Liberty University,3.08,3.36,3.68,149,152,156,0.588,5.6,0.293,0.69,VA,0.842,0.755,285322,0.744,0.256,0.231,0.242
136,Loyola U. New Orleans,2.89,3.14,3.48,148,152,155,0.596,7.3,0.23,0.607,LA,0.854,0.766,821560,0.604,0.396,0.198,0.395
136,Mercer University (GA),2.98,3.31,3.58,149,152,154,0.558,9,0.44,0.72,GA,0.794,0.718,322610,0.681,0.319,0.083,0.256
136,Quinnipiac University,3.12,3.47,3.67,149,152,154,0.645,6,0.393,0.726,CT,0.823,0.764,450346,0.622,0.378,0.061,0.236
136,U. of Baltimore,2.91,3.25,3.49,150,152,155,0.561,6.5,0.594,0.728,MD,0.673,0.664,200809,0.578,0.422,0.149,0.41
136,U. of Detroit Mercy,3.06,3.27,3.51,149,152,155,0.561,11,,0.477,MI,0.736,0.751,385270,0.568,0.432,0.126,0.697
136,U. of Memphis,2.93,3.41,3.63,148,152,155,0.524,8,0.354,0.747,TN,0.811,0.744,277082,0.69,0.31,0.121,0.229
136,U. of San Francisco,2.96,3.19,3.42,151,152,155,0.555,5.9,0.255,0.608,CA,0.518,0.583,277275,0.554,0.446,0.214,0.589
136,U. of Toledo,3.18,3.44,3.7,147,152,154,0.618,6.5,0.395,0.697,OH,0.689,0.754,331983,0.63,0.37,0.109,0.175
136,Willamette University,2.71,3.13,3.45,149,152,155,0.754,8.6,0.32,0.7,OR,0.791,0.818,297661,0.582,0.418,0.091,0.305
148,Hamline University,2.86,3.14,3.5,147,151,155,0.595,7.6,0.238,0.636,MN,0.684,0.801,341010,0.509,0.491,0.107,0.3
148,Howard University,3.01,3.24,3.54,149,151,155,0.353,8.1,0.612,0.699,DC,0.931,0.757,598792,0.494,0.506,0.823,0.988
148,Ohio Northern University,3.08,3.52,3.72,147,151,152,0.422,6.1,,0.769,OH,0.87,0.754,459494,0.531,0.469,0.094,0.231
148,Pace University,2.99,3.3,3.53,149,151,153,0.503,7.6,0.435,0.847,NY,0.758,0.757,364191,0.545,0.455,0.124,0.324
148,Samford U. (Cumberland),3.1,3.31,3.57,149,151,154,0.741,9.8,0.406,0.681,AL,0.763,0.696,327072,0.679,0.321,0.125,0.191
148,South Texas College of Law,2.84,3.1,3.36,148,151,154,0.607,11,0.238,0.621,TX,0.679,0.745,594605,0.627,0.373,0.155,0.52
148,St. Mary's University,2.89,3.19,3.48,148,151,154,0.558,9.1,0.218,0.701,TX,0.708,0.745,418406,0.64,0.36,0.246,0.595
148,U. of Arkansas-Little Rock,3.06,3.3,3.59,147,151,155,0.528,6.4,0.083,0.708,AR,0.775,0.775,299974,0.565,0.435,0.185,0.215
148,Vermont Law School,2.8,3.25,3.56,147,151,156,0.764,4.2,0.298,0.669,VT,0.686,0.688,246552,0.565,0.435,0.06,0.339
157,California Western,2.91,3.17,3.39,148,150,152,0.596,9.5,,0.645,CA,0.595,0.583,369879,0.565,0.435,0.137,0.53
157,Elon University,3.02,3.26,3.54,147,150,153,0.359,8,0.165,0.473,NC,0.469,0.653,121089,0.514,0.486,0.111,0.292
157,Florida Coastal,2.83,3.14,3.36,147,150,153,0.378,7.8,,0.466,FL,0.425,0.679,137164,0.441,0.559,0.191,0.435
157,Golden Gate University,2.65,3.03,3.3,147,150,152,0.613,6.2,,0.506,CA,0.476,0.583,350762,0.492,0.508,0.205,0.655
157,New England Sch. of Law,2.82,3.16,3.43,147,150,153,0.683,,,0.547,MA,0.743,0.773,321654,,,,0.323
157,Northern Kentucky U.,2.95,3.25,3.53,147,150,153,0.68,11,,0.613,KY,0.614,0.754,339162,0.742,0.258,0.091,0.132
157,Nova Southeastern U.,2.79,3.11,3.34,148,150,153,0.47,8.1,0.23,0.624,FL,0.688,0.679,755644,0.557,0.443,0.237,0.564
157,Southern Illinois U.,2.7,3.1,3.48,147,150,151,0.504,9.6,,0.586,IL,0.643,0.79,436647,0.489,0.511,0.111,0.23
157,U. of South Dakota,3.01,3.3,3.65,147,150,153,0.648,8,0.537,0.791,SD,0.517,0.682,146009,0.697,0.303,0.121,0.142
166,Capital University,3.01,3.25,3.54,147,149,152,0.644,8,0.368,0.658,OH,0.694,0.754,265501,0.675,0.325,0.108,0.213
166,Faulkner University (Jones),2.94,3.13,3.43,146,149,151,0.5,7.7,0.247,0.675,AL,0.526,0.696,379011,0.649,0.351,0.108,0.308
166,John Marshall,2.8,3.2,3.5,146,149,152,0.65,8,0.435,0.716,IL,0.712,0.79,255725,0.61,0.39,0.195,0.427
166,Lincoln Memorial U.,2.73,3.07,3.51,147,149,152,0.48,10.9,0.765,0.765,TN,0.722,0.744,8694,0.656,0.344,0.156,0.234
166,Northern Illinois University,2.75,3.09,3.44,148,149,152,0.534,7.3,,0.757,IL,0.783,0.79,266103,0.511,0.489,0.178,0.315
166,Oklahoma City University,2.87,3.2,3.55,146,149,152,0.634,12,,0.748,OK,0.767,0.869,169965,0.667,0.333,0.13,0.419
166,U. of Dayton,3.03,3.29,3.56,146,149,152,0.519,6.9,0.25,0.635,OH,0.673,0.754,209192,0.609,0.391,0.125,0.279
173,Ave Maria School of Law,2.73,3.05,3.34,145,148,151,0.551,9,,0.494,FL,0.534,0.679,88810,0.667,0.333,0.095,0.369
173,Barry University,2.66,3.02,3.38,146,148,151,0.575,,,0.617,FL,,,,,,,
173,Concordia University,2.79,3.04,3.52,144,148,151,0.591,5.2,0.208,0.75,ID,0.833,0.793,58516,0.513,0.487,0.128,0.267
173,Mississippi College,2.7,3.05,3.52,145,148,151,0.625,8.4,0.557,0.557,MS,0.571,0.64,403959,0.563,0.437,0.169,0.393
173,Roger Williams University,3,3.28,3.51,145,148,151,0.693,7.8,,0.639,RI,0.78,0.773,290798,0.553,0.447,0.085,0.344
173,St. Thomas University,2.77,3.1,3.41,146,148,151,0.538,8,0.276,0.276,FL,0.596,0.679,439683,0.649,0.351,0.272,0.833
173,Touro College (Fuchsberg),2.71,3,3.26,146,148,150,0.557,10,,0.752,NY,0.608,0.757,460327,0.606,0.394,0.106,0.407
173,U. of Massachusetts,2.89,3.19,3.44,147,148,152,0.569,7.3,0.306,0.653,MA,0.756,0.773,166293,0.575,0.425,0.075,0.376
173,U. of North Dakota,2.86,3.17,3.5,145,148,152,0.64,13.6,,0.688,ND,0.723,0.712,286724,0.417,0.583,0.125,0.332
173,Western New England,2.82,3.29,3.62,146,148,152,0.587,6,,0.564,MA,0.545,0.764,364161,0.592,0.408,0.113,0.329
173,Western State University,2.81,3.01,3.4,146,148,151,0.527,11.1,,0.521,CA,0.583,0.583,14587,0.557,0.443,0.213,0.63
173,Widener (Delaware),2.89,3.17,3.48,147,148,151,0.619,10.9,0.312,0.596,DE,0.66,0.796,340257,0.493,0.507,0.093,0.264
185,Charleston School of Law,2.81,3.15,3.45,145,147,150,0.556,,,0.527,SC,0.538,0.718,35244,0.595,0.405,0.025,0.306
185,Thomas Jefferson,2.53,2.8,3.09,145,147,149,0.404,9.4,0.086,0.322,CA,0.292,0.583,265179,0.534,0.466,0.17,0.62
185,U. of the District of Columbia,2.72,2.92,3.17,145,147,150,0.354,,0.521,0.634,DC,0.385,0.701,,0.433,0.567,0.448,0.745
185,Widener (Commonwealth),2.83,3.11,3.45,145,147,148,0.621,9.1,0.23,0.672,PA,0.714,0.796,196222,0.679,0.321,0.038,0.253
189,Florida A&M University,2.79,3.09,3.36,145,146,149,0.491,7,,0.511,FL,0.496,0.679,425707,0.5,0.5,0.709,0.711
189,North Carolina Central U.,3.07,3.26,3.5,144,146,150,0.409,7.1,0.162,0.428,NC,0.672,0.653,380920,0.423,0.577,0.526,0.647
191,Appalachian School of Law,2.64,3.05,3.32,143,144,147,0.626,,,0.595,VA,,,,,,,0.308
191,Southern University,2.55,2.83,3.13,142,144,146,0.652,17,,0.488,LA,0.578,0.766,,0.522,0.478,0.752,0.683
191,Texas Southern University,2.73,3.03,3.37,143,144,147,0.354,6.5,,0.656,TX,0.6,0.745,,0.44,0.56,0.791,0.85
194,Western Michigan (Cooley),2.64,3.02,3.33,139,142,147,0.861,6.1,,0.472,MI,0.439,0.757,753000,0.655,0.345,0.142,0.525
195,Arizona Summit Law School,,,,,,,,,,,AZ,,,,,,,
196,Atlanta's John Marshall Law,,,,,,,,,,,GA,,,,,,,
197,Charlotte School of Law,,,,,,,,,,,NC,,,,,,,
198,Mitchell Hamline,,,,,,,,,,,MN,,,,,,,
199,Valparaiso University,,,,,,,,,,,IN,,,,,,,
200,Whittier Law School,,,,,,,,,,,CA,,,,,,,