Order,School ID,school,USNRank,Overall,USNScore,Peer Rep,Lawyer Judge Rep,LSAT,UPGA,Student Selectivity,Employed at Graduation,Employed at 9 mos,Bar Passage,Financial Aid,Direct Expenses,Student-Faculty Ratio,Library,Peer,Lawyer/Judge,Student/Faculty,LSAT_percentile,UGPA,Acceptance,Grad Impute,employed9mo,Bar Passage,FinAid,DirExp,Library
1,3027,Yale University,1,100,2.409770621,2.826852779,2.5452757,1.614487327,0.879881183,2.573125787,2.343684167,1.471546066,1.842221115,4.138464018,5.141300858,1.606055408,2.532693058,4.8,4.8,7.6,0.9932,3.91,9,88.2,88.7,1.288157895,81813,115399,2036344
2,3074,Harvard University,2,96,2.269639533,2.826852779,2.5452757,1.614487327,0.828696599,2.215772399,2.504710749,1.900555444,1.747442833,-0.021688239,4.018127703,0.009767127,6.414654332,4.8,4.8,11.8,0.9932,3.87,15,91.5,95,1.276315789,20076.5,98197.5,3966508
3,3014,Stanford University,2,96,2.252260905,2.826852779,2.5452757,1.602693824,0.867085037,2.573125787,2.616941398,1.750742645,2.651157801,2.53360812,3.27800808,1.720075999,0.0488009,4.8,4.8,7.3,0.9907,3.9,9,93.8,92.8,1.389230769,57997,86862.5,801319
4,3104,Columbia University,4,93,2.171339857,2.595393927,2.414901463,1.602693824,0.623958264,1.977536808,2.660857738,2.036748897,1.673726392,1.262277342,3.344054043,2.100144638,2.006363947,4.6,4.7,6.3,0.9907,3.71,19,94.7,97,1.267105263,39130.5,87874,1774646
5,3052,University of Chicago,4,93,2.152988575,2.595393927,2.414901463,1.562124171,0.867085037,2.037095706,2.602302617,1.989081189,0.500007466,0.700045432,3.718913043,1.302000497,0.57134894,4.6,4.7,8.4,0.9821,3.9,18,93.5,96.3,1.120454545,30787,93615,1061137
6,3110,New York University,6,89,2.026360435,2.479664501,2.154152991,1.562124171,0.675142848,1.322388931,2.612061804,1.934603807,1.663195471,-0.480415839,3.363805802,1.22598677,2.846198149,4.5,4.5,8.6,0.9821,3.75,30,93.7,95.5,1.265789474,13269,88176.5,2192223
7,3140,University of Pennsylvania,7,88,1.886233422,2.363935075,2.023778754,1.530989322,0.854288891,2.156213502,2.714533266,2.002700534,1.694788232,0.749809711,1.935574078,0.579870085,2.767740925,4.4,4.4,10.3,0.9755,3.89,16,95.8,96.5,1.269736842,31525.5,66303,2153213
8,3117,Duke University,8,84,1.728342572,2.132476224,2.154152991,1.530989322,0.70073514,1.858419012,2.031390189,1.396639667,1.926468477,0.022718884,2.20390417,0.997945587,0.495809979,4.2,4.5,9.2,0.9755,3.77,21,81.8,87.6,1.298684211,20735.5,70412.5,1023578
9,3016,University of California - Berkeley,8,84,1.779943287,2.363935075,2.154152991,1.454095678,0.726327432,1.91797791,2.158259618,1.587310501,2.084756308,3.127140651,1.761530068,-0.56033583,1.519629488,4.4,4.5,13.3,0.9592,3.79,20,84.4,90.4,1.318461538,66805,63637.5,1532635
10,3162,University of Virginia,8,84,1.772025308,2.248205649,2.154152991,1.530989322,0.803104308,2.037095706,2.787727167,2.036748897,1.261379321,0.015306466,1.274232957,0.351828902,0.978101679,4.3,4.5,10.9,0.9755,3.85,18,97.3,97,1.215584416,20625.5,56174.5,1263380
11,3082,University of Michigan - Ann Arbor,11,83,1.726990549,2.363935075,2.284527227,1.506458834,0.662346702,1.501065625,1.792290113,1.185539814,1.463107987,0.021438557,2.420716452,-0.446315239,1.517028997,4.4,4.6,13,0.9703,3.74,27,76.9,84.5,1.240789474,20716.5,73733,1531342
12,3050,Northwestern University,12,81,1.663546018,2.016746798,2.023778754,1.506458834,0.675142848,1.62018342,2.06066775,1.614549192,0.208971126,2.003081143,1.612396127,1.758082863,0.91012486,4.1,4.4,7.2,0.9703,3.75,25,82.4,90.8,1.084090909,50124,61353.5,1229581
13,3105,Cornell University,13,79,1.557166051,2.132476224,1.893404518,1.454095678,0.585569826,1.322388931,2.314406607,1.53283312,1.473638908,0.094349797,1.119516287,0.503856357,0.57709295,4.2,4.3,10.5,0.9592,3.68,30,87.6,89.6,1.242105263,21798.5,53805,1063993
14,3032,Georgetown University,14,78,1.531398248,2.016746798,2.023778754,1.454095678,0.70073514,1.381947829,2.202175958,1.546452465,1.252489583,0.603683997,0.961763397,-0.294287784,1.816244455,4.1,4.4,12.6,0.9592,3.77,29,85.3,89.8,1.214473684,29357,51389,1680116
15,3155,University of Texas - Austin,15,76,1.409485955,1.901017372,1.763030282,1.454095678,0.585569826,1.679742318,1.333608333,1.30130425,0.458705986,0.205569761,1.130094089,0.541863221,1.765320669,4,4.2,10.4,0.9592,3.68,24,67.5,86.2,1.115294118,23449,53967,1654796
16,3018,University of California - Los Angeles,16,75,1.37192078,1.785287946,1.632656045,1.454095678,0.726327432,1.441506727,0.948120454,1.028917343,2.392583206,3.249647706,0.916546561,0.617876948,0.506505583,3.9,4.1,10.2,0.9592,3.79,28,59.6,82.2,1.356923077,68623,50696.5,1028896
17,3147,Vanderbilt University,17,74,1.365837717,1.66955852,1.632656045,1.454095678,0.611162118,1.024594441,2.158259618,1.614549192,1.292815302,0.522147398,1.008057602,-0.370301511,0.243238456,3.8,4.1,12.8,0.9592,3.7,35,84.4,90.8,1.219512195,28147,52098,897996
18,3092,Washington University in St. Louis,18,69,1.08400591,1.322370242,1.371907573,1.403147742,0.508792951,1.322388931,0.62606729,0.58628862,-0.054982666,-0.021418696,1.505671334,0.807911268,1.540302695,3.5,3.9,9.7,0.9484,3.62,30,53,75.7,1.051111111,20080.5,59719,1542914
19,3039,Emory University,19,68,1.126988559,1.322370242,1.241533337,1.339462822,0.675142848,0.905476646,1.348247113,1.798410354,0.647023618,1.306313844,0.202316432,-0.142260328,-0.149148224,3.5,3.8,12.2,0.9349,3.75,37,67.8,93.5,1.138823529,39784,39758,702896
20,3085,University of Minnesota - Twin Cities,20,67,0.973887669,1.206640816,1.1111591,1.264927879,0.70073514,0.667241054,1.494634915,0.776959454,0.113980098,0.168844598,0.585957619,0.655883812,1.400493572,3.4,3.7,10.1,0.9191,3.77,41,70.8,78.5,1.072222222,22904,45633.5,1473399
21,3021,University of Southern California,20,67,1.092881324,1.322370242,1.1111591,1.403147742,0.687938994,1.441506727,0.777334685,0.347950076,2.097069384,2.653015437,1.456928564,0.427842629,-0.138529046,3.5,3.7,10.7,0.9484,3.76,28,56.1,72.2,1.32,59769,58972.5,708176
22,3031,George Washington University,22,66,1.041280835,1.206640816,1.241533337,1.339462822,0.623958264,0.429005463,1.899641167,1.505594429,1.463107987,1.313928419,-0.034965854,-1.358479971,2.834724208,3.4,3.8,15.4,0.9349,3.71,45,79.1,89.2,1.240789474,39897,36124,2186518
23,3001,University of Alabama,22,66,0.946417135,0.975181964,0.589662155,1.174825511,0.70073514,1.501065625,1.065230696,1.335352613,1.567607119,-0.143218202,0.734536552,0.883924995,0.376193383,3.2,3.3,9.5,0.9,3.77,27,62,86.7,1.253846154,18273,47909,964103
24,3059,University of Iowa,22,66,0.975307111,0.975181964,0.980784864,0.84790959,0.534385242,0.667241054,1.509273695,1.056156034,-0.076784313,2.2858312,1.052099127,1.302000497,3.421518276,3.2,3.6,8.4,0.8307,3.64,41,71.1,82.6,1.048387097,54320,52772.5,2478280
25,3056,University of Notre Dame,22,66,1.027189085,1.206640816,1.241533337,1.174825511,0.534385242,0.905476646,1.011555168,0.906343235,0.372679067,2.881924384,0.808874989,0.541863221,0.428844797,3.4,3.8,10.4,0.9,3.64,37,60.9,80.4,1.104545455,63166,49047.5,990282
26,3003,Arizona State University,26,64,0.876995965,0.743723113,0.589662155,1.088968805,0.495996805,0.48856436,1.294571586,1.137872106,0.551778354,3.928625201,1.088892899,0.769904404,-0.751082666,3,3.3,9.8,0.8818,3.61,44,66.7,83.8,1.126923077,78699,53336,403606
27,3073,Boston University,26,64,0.884721015,1.09091139,0.850410628,1.174825511,0.559977534,0.78635885,0.391846806,0.327521058,0.531733812,0.383097174,1.623724821,0.313822038,2.171449933,3.3,3.5,11,0.9,3.66,39,48.2,71.9,1.124418605,26083.5,61527,1856729
28,3167,University of Washington,28,63,0.902314986,0.859452539,0.980784864,1.264927879,0.57277368,1.560624523,0.518716235,0.899533562,0.658391572,-0.953260726,1.001430152,1.378014225,0.185736008,3.1,3.6,8.2,0.9191,3.67,26,50.8,80.3,1.140243902,6252,51996.5,869405
29,3160,William and Mary,29,62,0.856123914,0.975181964,1.1111591,1.174825511,0.726327432,1.203271135,1.074989883,1.144681778,0.502606005,-0.350732215,-0.249656046,0.427842629,-0.060419761,3.2,3.7,10.7,0.9,3.79,32,62.2,83.9,1.120779221,15193.5,32836,747013
30,3201,University of California - Irvine,30,61,0.838028682,0.743723113,0.980784864,1.264927879,0.393627637,1.798860114,0.133228356,-0.02658192,1.112023309,0.088655712,2.059765302,1.492034816,-1.098160853,3,3.6,7.9,0.9191,3.53,22,42.9,66.7,1.196923077,21714,68205,231034
31,3017,University of California - Davis,31,60,0.826062415,1.09091139,1.1111591,1.088968805,0.483200659,1.024594441,0.577271356,0.436475821,1.739990182,2.849916215,-0.036892058,0.693890676,-0.314811427,3.3,3.7,10,0.8818,3.6,35,52,73.5,1.275384615,62691,36094.5,620526
32,3042,University of Georgia,31,60,0.728895773,0.859452539,0.589662155,1.174825511,0.611162118,1.262830033,0.562632575,0.61352731,0.458705986,0.183871591,0.544299364,0.275815174,0.582426674,3.1,3.3,11.1,0.9,3.7,31,51.7,76.1,1.115294118,23127,44995.5,1066645
33,3170,University of Wisconsin - Madison,31,60,0.702952245,1.09091139,0.980784864,0.973864209,0.508792951,0.131210973,0.060034455,0.504572548,0.627335865,-0.360671594,-0.25409611,1.378014225,1.39597841,3.3,3.6,8.2,0.8574,3.62,50,41.4,74.5,1.136363636,15046,32768,1471154
34,3072,Boston College,34,59,0.671741461,0.975181964,0.980784864,1.088968805,0.380831491,0.48856436,0.665104037,0.300282368,0.317686736,0.172854043,-0.001795958,0.503856357,0.250541152,3.2,3.6,10.5,0.8818,3.52,44,53.8,71.5,1.097674419,22963.5,36632,901627
35,3156,Brigham Young University,34,59,0.604196051,0.627993687,0.589662155,1.088968805,0.70073514,0.965035544,0.3967264,0.620336983,-0.270862495,-0.382841463,0.500257839,-0.408308375,0.046073702,2.9,3.3,12.9,0.8818,3.77,36,48.3,76.2,1.024137931,14717,44321,799963
36,3107,Fordham University,34,59,0.722785066,0.975181964,0.850410628,1.174825511,0.406423783,1.024594441,0.596789729,0.07556317,1.07346394,-0.463737898,0.8584013,0.085780855,0.411514218,3.2,3.5,11.6,0.9,3.54,35,52.4,68.2,1.192105263,13516.5,49806,981665
37,3054,Indiana University - Bloomington,34,59,0.838942338,0.975181964,1.1111591,0.973864209,0.63675441,-0.583495802,0.889565333,0.913152908,0.779866959,0.284276164,0.349883291,1.149973042,0.767146072,3.2,3.7,8.8,0.8574,3.72,62,58.4,80.5,1.155421687,24617,42018,1158490
38,3126,Ohio State University,34,59,0.673033785,0.975181964,0.850410628,0.731389774,0.483200659,0.131210973,0.469920301,0.851865854,0.34560592,-0.158683202,0.003068525,0.427842629,0.390436758,3.2,3.5,10.7,0.806,3.6,50,49.8,79.6,1.101162791,18043.5,36706.5,971185
39,3119,University of North Carolina - Chapel Hill,34,59,0.748037028,1.206640816,1.241533337,0.973864209,0.329646907,0.726799952,0.245459004,0.565859602,0.962660344,-0.794129587,-0.232385499,0.427842629,0.096193006,3.4,3.8,10.7,0.8574,3.48,40,45.2,75.4,1.17826087,8613.5,33100.5,824883
40,3023,University of Colorado Boulder,40,58,0.711172458,0.859452539,0.589662155,0.973864209,0.508792951,0.309887667,0.42600396,0.770149782,0.238695874,0.28663466,0.566401745,1.03595245,0.968423746,3.1,3.3,9.1,0.8574,3.62,47,48.9,78.4,1.087804878,24652,45334,1258568
41,3053,University of Illinois - Urbana Champaign,41,57,0.757436751,0.859452539,0.980784864,0.973864209,0.265666177,0.607682156,0.596789729,0.797388472,0.154401812,3.081453201,0.396961037,0.123787719,0.630806282,3.1,3.6,11.5,0.8574,3.43,42,52.4,78.8,1.077272727,66127,42739,1090700
42,3159,George Mason University,42,55,0.491133646,0.396534835,0.459287919,0.973864209,0.508792951,0.845917748,0.948120454,0.504572548,1.209408546,-0.707101061,0.007149467,0.009767127,0.827969024,2.7,3.2,11.8,0.8574,3.62,38,59.6,74.5,1.209090909,9905,36769,1188732
43,3004,University of Arizona,42,55,0.557569191,0.743723113,0.589662155,0.973864209,0.444812221,0.78635885,-0.301055457,0.245804986,0.756996286,0.378346487,0.228728288,1.149973042,-0.355990911,3,3.3,8.8,0.8574,3.57,39,34,70.7,1.152564103,26013,40162.5,600051
44,3157,University of Utah,42,55,0.477986808,0.512264261,0.328913682,0.581848147,0.457608367,0.48856436,0.128348763,0.736101418,-0.188067674,-0.808179489,0.352984807,1.568048544,-0.517846897,2.8,3.1,7.7,0.7743,3.58,44,42.8,77.9,1.034482759,8405,42065.5,519574
45,3163,Washington and Lee University,42,55,0.622010816,0.859452539,1.1111591,0.973864209,0.188889302,0.548123258,0.3967264,-0.237681773,-0.193802381,0.587848376,0.608125295,1.263993633,0.186862285,3.1,3.7,8.5,0.8574,3.37,43,48.3,63.6,1.033766234,29122,45973,869965
46,3150,Southern Methodist University,46,54,0.449877352,0.280805409,0.459287919,0.973864209,0.534385242,0.369446565,0.748057125,0.91996258,-0.030919857,1.029931729,-0.189617228,-1.282466243,1.305218626,2.6,3.2,15.2,0.8574,3.64,46,55.5,80.6,1.054117647,35682.5,33755.5,1426027
47,3037,University of Florida,47,53,0.462206433,0.859452539,0.720036391,0.581848147,0.355239199,-0.523936904,-0.110751314,0.395617785,0.479952078,0.554425109,-0.238294703,-0.142260328,0.374801627,3.1,3.4,12.2,0.7743,3.5,61,37.9,72.9,1.117948718,28626,33010,963411
48,3071,University of Maryland,47,53,0.384722319,0.627993687,0.328913682,0.731389774,0.355239199,0.309887667,0.221061037,0.041514806,-0.113897314,0.054558589,0.203622334,0.389835765,-0.140158125,2.9,3.1,10.8,0.806,3.5,47,44.7,67.7,1.04375,21208,39778,707366
49,3120,Wake Forest University,47,53,0.511183038,0.743723113,0.850410628,0.973864209,0.457608367,-0.047465721,0.587030542,-0.326207517,0.231906055,-0.372396692,0.247500621,0.807911268,0.820060955,3,3.5,9.7,0.8574,3.58,53,52.2,62.3,1.086956522,14872,40450,1184800
50,3034,Florida State University,50,52,0.434719361,0.627993687,0.06816521,0.731389774,0.265666177,0.667241054,-0.374249358,0.947201271,0.603082837,-0.365321202,0.142244967,-0.142260328,-0.132843361,2.9,2.9,12.2,0.806,3.43,41,32.5,81,1.133333333,14977,38838,711003
51,3068,Tulane University,50,52,0.376495097,0.743723113,0.589662155,0.973864209,0.240073886,0.071652075,-0.198583995,-0.12872701,0.681277946,0.497551647,-0.537084946,0.23780831,0.625482614,3,3.3,11.2,0.8574,3.41,51,36.1,65.2,1.143103448,27782,28434,1088053
52,3011,Pepperdine University,52,51,0.36153777,0.280805409,0.589662155,0.84790959,0.470404513,0.369446565,-0.193704402,-0.155965701,1.493728663,0.549303802,0.373291574,-0.028239737,-0.46102826,2.6,3.3,11.9,0.8307,3.59,46,36.2,64.8,1.244615385,28550,42376.5,547825
53,3139,Temple University,52,51,0.336813395,0.280805409,0.198539446,0.84790959,0.342443053,0.607682156,0.191783477,0.211756623,0.425227296,-0.551204432,0.185502952,0.845918131,0.051765421,2.6,3,9.6,0.8307,3.49,42,44.1,70.2,1.111111111,12218.5,39500.5,802793
54,3161,University of Richmond,52,51,0.350855804,0.165075983,0.198539446,0.84790959,0.355239199,1.084153339,0.513836641,0.320711386,-0.297743931,0.24249708,0.201892014,0.997945587,-0.209204906,2.5,3,9.2,0.8307,3.5,34,50.7,71.8,1.020779221,23997,39751.5,673035
55,3146,University of Tennessee - Knoxville,52,51,0.329449056,0.280805409,0.06816521,0.581848147,0.534385242,0.726799952,0.435763147,0.606717638,0.736474493,-0.981495301,-0.269407804,0.959938723,-0.030076666,2.6,2.9,9.3,0.7743,3.64,40,49.1,76,1.15,5833,32533.5,762100
56,3148,Baylor University,56,50,0.327105942,0.049346557,0.589662155,0.731389774,0.406423783,1.322388931,-0.213222775,0.463714512,0.665855381,0.669553439,0.113743669,-0.75037015,-0.951503566,2.4,3.3,13.8,0.806,3.54,30,35.8,73.9,1.141176471,30334.5,38401.5,303954
57,3040,Georgia State University,56,50,0.30668909,0.165075983,-0.192583263,0.581848147,0.22727774,1.441506727,1.494634915,0.776959454,0.421042459,-0.79355681,-0.162519774,0.541863221,-0.356841652,2.5,2.7,10.4,0.7743,3.4,28,70.8,78.5,1.110588235,8622,34170.5,599628
58,3095,University of Nebraska - Lincoln,56,50,0.219583605,0.049346557,0.328913682,0.266253989,0.57277368,-0.940849189,0.557752982,0.647575674,0.544182625,-0.852215991,-0.333527564,0.503856357,-0.372780475,2.4,3.1,10.5,0.7074,3.67,68,51.6,76.6,1.125974026,7751.5,31551.5,591703
59,3123,Case Western Reserve University,59,49,0.292223013,0.165075983,0.328913682,0.731389774,0.278462323,1.143712237,-0.27665749,0.245804986,-0.352373676,0.46112972,0.194611614,0.465849493,-0.321571097,2.5,3.1,10.6,0.806,3.44,33,34.5,70.7,1.013953488,27241.5,39640,617165
60,3015,University of California - Hastings,59,49,0.351756405,0.859452539,1.241533337,0.581848147,0.278462323,0.190769871,-0.427924885,-1.35446809,0.668752575,0.43690459,0.501531093,-0.864390741,1.221749472,3.1,3.8,14.1,0.7743,3.44,49,31.4,47.2,1.141538462,26882,44340.5,1384525
61,3154,University of Houston,59,49,0.301294921,0.165075983,-0.192583263,0.731389774,0.316850761,0.607682156,0.572391762,0.729291746,-0.1627422,-0.777283183,0.00326441,1.378014225,-0.150475622,2.5,2.7,8.2,0.806,3.47,42,51.9,77.8,1.037647059,8863.5,36709.5,702236
62,3091,University of Missouri,59,49,0.282757826,0.280805409,0.198539446,0.4285326,0.304054615,0.190769871,0.016118114,0.783769127,-0.170588768,-1.099992911,-0.105125407,0.541863221,-0.324350587,2.6,3,10.4,0.7418,3.46,49,40.5,78.6,1.036666667,4074.5,35049.5,615783
63,3099,Seton Hall University,63,48,0.246502185,-0.066382869,0.198539446,0.266253989,0.419219929,0.131210973,0.88468574,0.722482073,0.427478632,-0.277248198,-0.021319184,0.465849493,0.268044695,2.3,3,10.6,0.7074,3.55,50,58.3,77.7,1.111392405,16284,36333,910330
64,3026,University of Connecticut,63,48,0.184528565,0.512264261,-0.192583263,0.4285326,0.291258469,-0.107024619,-0.5645535,-0.489639661,-0.137981919,0.409546029,0.686544675,0.845918131,0.102089867,2.8,2.7,9.6,0.7418,3.45,54,28.6,59.9,1.040740741,26476,47174,827815
65,3063,University of Kentucky,63,48,0.272928201,0.165075983,0.328913682,0.096427537,0.342443053,-0.404819108,0.791973465,1.165110796,0.444989022,0.358535115,-0.795653425,0.275815174,0.849917337,2.5,3.1,11.1,0.6714,3.49,59,56.4,84.2,1.113580247,25719,24474,1199645
66,3038,University of Miami,63,48,0.26174592,0.396534835,0.328913682,0.4285326,0.252870031,0.071652075,-0.042437006,0.232185641,-0.094658133,0.678886347,-0.038785616,-0.104253464,0.058778503,2.7,3.1,12.1,0.7418,3.42,51,39.3,70.5,1.046153846,30473,36065.5,806280
67,3024,University of Denver,67,47,0.173140054,0.396534835,0.198539446,0.266253989,0.252870031,-0.583495802,-0.149788061,-0.155965701,-0.102916903,1.396947502,-0.176819395,0.883924995,-0.013725545,2.7,3,9.5,0.7074,3.42,62,37.1,64.8,1.045121951,41129,33951.5,770230
68,3060,University of Kansas,67,47,0.244316276,0.280805409,0.328913682,0.581848147,0.316850761,-0.285701312,-0.491359599,0.668004692,-0.562970066,0.136095188,-0.460493828,0.389835765,-0.525455297,2.6,3.1,10.8,0.7743,3.47,57,30.1,76.9,0.987640449,22418,29607,515791
69,3185,University of Nevada - Las Vegas,67,47,0.130209098,-0.066382869,-0.453331735,0.581848147,0.265666177,1.024594441,0.18202429,0.27985335,-0.312632856,-0.587929594,0.365390871,0.617876948,0.578842701,2.3,2.5,10.2,0.7743,3.43,35,43.9,71.2,1.018918919,11673.5,42255.5,1064863
70,3132,University of Oklahoma,67,47,0.241469946,0.049346557,0.328913682,0.4285326,0.380831491,0.548123258,0.318652905,0.947201271,-0.268616124,-0.769567529,-0.280050901,-0.788377013,-0.405164947,2.4,3.1,13.9,0.7418,3.52,43,46.7,81,1.024418605,8978,32370.5,575601
71,3029,American University,71,46,0.235666406,0.512264261,0.459287919,0.266253989,0.188889302,0.131210973,0.513836641,-0.441971953,-0.611483294,-0.38088728,0.34181935,0.313822038,-0.029368721,2.8,3.2,11,0.7074,3.37,50,50.7,60.6,0.981578947,14746,41894.5,762452
72,3137,Pennsylvania State University,71,46,0.135394803,-0.182112295,0.328913682,0.581848147,0.457608367,0.369446565,-0.540155533,-1.007174784,0.850104422,-0.638266651,1.233488833,1.22598677,0.266085779,2.2,3.1,8.6,0.7743,3.58,46,29.1,52.3,1.164197531,10926.5,55550.5,909356
73,3100,University of New Mexico,71,46,0.153131529,0.049346557,-0.192583263,-0.273888478,0.265666177,0.48856436,0.821251026,0.627146656,-0.956573448,-1.11724363,0.48527262,1.187979906,-0.343495276,2.4,2.7,8.7,0.5929,3.43,44,57,76.3,0.938461538,3818.5,44091.5,606264
74,3019,University of San Diego,71,46,0.175277324,0.280805409,0.06816521,0.731389774,0.380831491,0.309887667,0.113709982,-0.476020316,0.767257183,0.787579351,-0.345248029,0.389835765,1.93324648,2.6,2.9,10.8,0.806,3.52,47,42.5,60.1,1.153846154,32086,31372,1738291
75,3009,Loyola Marymount University,75,45,0.135367834,0.165075983,0.328913682,0.731389774,0.329646907,0.309887667,-0.481600413,-0.544117043,1.961625549,-0.261614735,0.049558615,-1.130438788,0.245265754,2.5,3.1,14.8,0.806,3.48,47,30.3,59.1,1.303076923,16516,37418.5,899004
76,3005,University of Arkansas - Fayetteville,75,45,0.114704716,-0.066382869,0.06816521,-0.08707938,0.265666177,-0.464378006,0.035636488,0.845056181,0.557448849,-1.019433404,0.003558238,0.123787719,-0.353060581,2.3,2.9,11.5,0.6325,3.43,60,40.9,79.5,1.127631579,5270,36714,601508
77,3103,Yeshiva University,75,45,0.151960735,0.396534835,0.06816521,0.731389774,0.355239199,0.012093177,-0.340092204,-0.373875226,0.452139647,0.295731719,-0.200945923,-0.408308375,-0.045172793,2.7,2.9,12.9,0.806,3.5,52,33.2,61.6,1.114473684,24787,33582,754594
78,3102,Brooklyn Law School,78,44,0.104069503,0.165075983,-0.192583263,0.266253989,0.112112426,-0.047465721,0.386967213,0.130040551,1.294613264,0.127739371,0.347532669,-1.586521154,0.08001686,2.5,2.7,16,0.7074,3.31,53,48.1,69,1.219736842,22294,41982,816840
79,3046,Illinois Institute of Technology,78,44,0.091110929,0.165075983,-0.062209026,0.4285326,0.265666177,-0.583495802,-0.213222775,0.021085788,-0.009306129,0.858401636,-0.254716414,0.389835765,-0.046097949,2.5,2.8,10.8,0.7418,3.43,62,35.8,67.4,1.056818182,33137,32758.5,754134
80,3048,Loyola University Chicago,78,44,0.090459991,0.049346557,0.328913682,0.4285326,0.09931628,0.012093177,-0.066834973,-0.162775374,-0.436765754,1.111030321,-0.088964877,-0.142260328,-0.605404837,2.4,3.1,12.2,0.7418,3.3,52,38.8,64.7,1.003409091,36886,35297,476039
81,3141,University of Pittsburgh,78,44,0.118581248,0.280805409,0.459287919,0.4285326,0.304054615,0.48856436,-0.50599838,0.07556317,-0.533216455,-0.337928948,-0.950925103,-0.028239737,0.300974204,2.6,3.2,11.9,0.7418,3.46,44,29.8,68.2,0.991358025,15383.5,22096,926703
82,3112,St. John•À_•À_•À_s University,82,43,-0.001512516,-0.182112295,-0.062209026,0.4285326,0.329646907,0.369446565,-0.174186028,0.014276116,0.757536333,0.049807903,-0.286221285,-0.788377013,-0.238892348,2.2,2.8,13.9,0.7418,3.48,46,36.6,67.3,1.152631579,21137.5,32276,658274
83,3128,University of Cincinnati,82,43,0.030125541,-0.066382869,0.06816521,0.096427537,0.291258469,-0.464378006,-0.193704402,0.136850224,-0.184858573,-0.516366067,-0.301402389,1.302000497,-0.361978277,2.3,2.9,8.4,0.6714,3.45,60,36.2,69.1,1.034883721,12735.5,32043.5,597074
84,3043,University of Hawaii - Manoa,82,43,0.076950564,0.049346557,-0.322957499,0.266253989,0.240073886,0.845917748,-0.213222775,0.30709204,-0.405488221,-0.458582898,-0.235323778,1.492034816,-0.889596572,2.4,2.6,7.9,0.7074,3.41,38,35.8,71.6,1.007317073,13593,33055.5,334735
85,3135,University of Oregon,82,43,0.104059261,0.280805409,0.459287919,0.4285326,0.137704718,-0.107024619,-0.603590248,-0.285349481,-0.704155392,-0.53846855,-0.169245166,0.23780831,-0.543584326,2.6,3.2,11.2,0.7418,3.33,54,27.8,62.9,0.97,12407.5,34067.5,506777
86,3133,University of Tulsa,82,43,0.038852076,-0.529300572,-0.192583263,-0.08707938,0.291258469,1.143712237,0.177144697,0.783769127,-0.529195173,-0.39288192,0.326964722,0.769904404,-0.277539721,1.9,2.7,9.8,0.6325,3.45,33,43.8,78.6,0.991860465,14568,41667,639058
87,3076,Northeastern University,87,42,0.002629118,-0.066382869,-0.062209026,0.973864209,0.393627637,0.845917748,-0.974439346,-0.789265259,-0.250003335,0.238858256,0.128630945,-0.332294647,-0.71577591,2.3,2.8,12.7,0.8574,3.53,38,20.2,55.5,1.026744186,23943,38629.5,421161
88,3098,Rutgers University - Newark,87,42,0.105616184,0.049346557,0.06816521,0.266253989,0.16329701,0.48856436,0.084432422,-0.155965701,-1.33531743,-1.159898726,-0.537019651,4.494577059,0.175205323,2.4,2.9,,0.7074,3.35,44,41.9,64.8,0.891139241,3185.5,28435,864169
89,3089,St. Louis University,87,42,-0.011809765,-0.182112295,0.198539446,0.096427537,0.316850761,-0.583495802,0.391846806,0.021085788,-0.348444309,-0.199990586,-0.747400368,0.997945587,1.208306558,2.2,3,9.2,0.6714,3.47,62,48.2,67.4,1.014444444,17430.5,25213,1377841
90,3113,SUNY Buffalo Law School,87,42,-0.016606413,-0.182112295,-0.192583263,-0.08707938,0.265666177,-0.226142414,0.006358928,0.27985335,0.273114004,-0.297531269,-0.138785016,0.693890676,0.00835953,2.2,2.7,10,0.6325,3.43,56,40.3,71.2,1.092105263,15983,34534,781211
91,3114,Syracuse University,87,42,0.030441558,-0.182112295,0.06816521,0.096427537,0.188889302,-0.226142414,-0.071714567,-0.02658192,0.546917929,-0.153966209,0.223961748,0.617876948,-0.260713955,2.2,2.9,10.2,0.6714,3.37,56,38.7,66.7,1.126315789,18113.5,40089.5,647424
92,3096,University of New Hampshire School of Law,87,42,0.034945127,-0.529300572,-0.322957499,0.096427537,0.278462323,0.250328769,0.455281521,0.647575674,0.346830445,-0.540287961,0.707243212,-0.066246601,-0.68226114,1.9,2.6,12,0.6714,3.44,48,49.5,76.6,1.101315789,12380.5,47491,437825
93,3142,Villanova University,87,42,-0.003209477,-0.066382869,0.459287919,0.4285326,0.419219929,0.071652075,0.030756895,-0.258110791,0.08927794,-0.138332745,-0.783639132,-1.358479971,-0.057724743,2.3,3.2,15.4,0.7418,3.55,51,40.8,63.3,1.069135802,18345.5,24658,748353
94,3134,Lewis & Clark College,94,41,0.067237304,0.049346557,0.198539446,0.581848147,0.137704718,-0.881290291,-0.398647325,-0.074249629,-0.343997921,-0.43964754,-0.189388696,0.579870085,0.204709744,2.4,3,10.3,0.7743,3.33,67,32,66,1.015,13874,33759,878839
95,3065,Louisiana State University,94,41,0.016983575,-0.182112295,-0.062209026,0.096427537,0.009743258,-0.583495802,0.279616158,0.926772253,1.66101666,-0.87307184,-0.448838658,-1.738548609,1.101845274,2.2,2.8,16.4,0.6714,3.23,62,45.9,80.7,1.265517241,7442,29785.5,1324907
96,3079,Michigan State University,94,41,-0.101351214,-0.066382869,0.06816521,0.096427537,0.432016075,0.548123258,-0.53527594,-0.700739514,0.939461795,-0.432807899,-0.442733569,-0.332294647,-0.478079281,2.3,2.9,12.7,0.6714,3.56,43,29.2,56.8,1.175362319,13975.5,29879,539347
97,3012,Santa Clara University,94,41,-0.000200044,0.049346557,0.328913682,0.4285326,0.112112426,0.131210973,-0.715820896,-0.74159755,0.385551829,-0.151439248,-0.216551445,0.465849493,0.563133155,2.4,3.1,10.6,0.7418,3.31,50,25.5,56.2,1.106153846,18151,33343,1057052
98,3064,University of Louisville,94,41,-0.066627366,-0.29784172,0.06816521,-0.273888478,0.252870031,-1.059966985,0.328412092,0.913152908,-0.543097318,-1.07479069,-0.68644742,-0.332294647,-0.538681001,2.1,2.9,12.7,0.5929,3.42,70,46.9,80.5,0.990123457,4448.5,26146.5,509215
99,3088,University of Mississippi,94,41,-0.06076154,-0.182112295,-0.192583263,0.096427537,0.316850761,0.48856436,-0.598710654,0.341140404,0.082070722,-1.07455484,-0.61292517,0.389835765,-0.475706056,2.2,2.7,10.8,0.6714,3.47,44,27.9,72.1,1.068235294,4452,27272.5,540527
100,3143,University of South Carolina,94,41,0.003168832,-0.066382869,-0.062209026,0.096427537,0.009743258,-0.285701312,-0.071714567,0.572669274,0.006155176,-0.581056261,-0.268722206,-0.598342694,-0.180134906,2.3,2.8,13.4,0.6714,3.23,57,38.7,75.5,1.05875,11775.5,32544,687489
101,3168,West Virginia University,94,41,-0.053615615,-0.29784172,-0.192583263,-0.08707938,0.265666177,-0.107024619,-0.344971797,0.40923713,-0.368008419,-0.370240352,-0.187331901,0.959938723,-0.585017222,2.1,2.7,9.3,0.6325,3.43,54,33.1,73.1,1.012,14904,33790.5,486176
102,3190,Florida International University,102,40,-0.131726403,-0.760759424,-1.235577153,0.266253989,0.470404513,1.501065625,0.352400173,0.681624037,0.233690559,-0.48594146,0.098660508,0.427842629,-0.454873963,1.7,1.9,10.7,0.7074,3.59,27,47.3916,77.1,1.087179487,13187,38170.5,550885
103,3055,Indiana University - Indianapolis,102,40,-0.081297793,0.049346557,0.328913682,-0.465886717,0.214481594,-1.298202576,0.069793642,0.252614659,-0.579763655,0.419653872,-0.76578093,-1.016418196,-0.190651513,2.4,3.1,14.5,0.5522,3.39,74,41.6,70.8,0.985542169,26626,24931.5,682260
104,3097,Rutgers University - Camden,102,40,0.013658257,0.049346557,0.06816521,0.096427537,-0.015849034,0.607682156,0.601669323,-0.789265259,0.022238158,-1.104878369,-0.677991708,4.494577059,-0.098413492,2.4,2.9,,0.6714,3.21,42,52.5,55.5,1.060759494,4002,26276,728122
105,3169,Marquette University,105,39,-0.12281548,-0.066382869,0.198539446,-0.465886717,0.137704718,-1.238643679,-0.09123294,0.354759749,0.627335865,-0.335974765,-0.843743244,-0.978411333,-0.330140855,2.3,3,14.4,0.5522,3.33,73,38.3,72.3,1.136363636,15412.5,23737.5,612904
106,3036,Stetson University,105,39,-0.08507197,-0.29784172,-0.192583263,0.096427537,0.009743258,0.071652075,0.041355371,0.245804986,0.68517001,-0.340253752,-0.196669096,-0.940404469,0.82369923,2.1,2.7,14.3,0.6714,3.23,51,41.0172,70.7,1.143589744,15349,33647.5,1186609
107,3083,Wayne State University,105,39,-0.29852391,-0.529300572,-0.453331735,0.266253989,0.086520134,0.190769871,-0.618229028,-1.020794129,2.1676087,-0.644398742,-0.426279211,0.73189754,1.154323724,1.9,2.5,9.9,0.7074,3.29,49,27.5,52.1,1.328813559,10835.5,30131,1351000
108,3030,Catholic University,108,38,-0.126141907,-0.29784172,0.06816521,0.096427537,-0.054237471,-0.166583516,0.260097784,-0.584975079,-0.544085405,0.718576477,-0.285209212,1.149973042,0.071066984,2.1,2.9,8.8,0.6714,3.18,55,45.5,58.5,0.99,31062,32291.5,812390
109,3171,University of Wyoming,108,38,-0.141808985,-0.413571146,-0.192583263,-0.465886717,0.176093156,0.012093177,0.601669323,0.708862728,-0.368770657,-1.133382485,-0.730227764,0.23780831,-0.543061412,2,2.7,11.2,0.5522,3.36,52,52.5,77.5,1.011904762,3579,25476,507037
110,3165,Gonzaga University,110,37,-0.219848495,-0.413571146,0.06816521,-0.273888478,0.03533555,-0.285701312,-0.53527594,0.334330731,0.560787922,-0.357437085,-0.848118014,-1.168445652,-0.312005792,2,2.9,14.9,0.5929,3.25,57,29.2,72,1.12804878,15094,23670.5,621921
111,3033,Howard University,110,37,-0.263034275,-0.066382869,-0.062209026,-0.641845792,-0.054237471,0.667241054,0.372328433,-0.762026568,-1.264400347,0.982660717,-0.843906482,0.579870085,-0.121373442,2.3,2.8,10.3,0.5149,3.18,41,47.8,55.9,0.9,34981,23735,716706
112,3069,University of Maine,110,37,-0.263037354,-0.182112295,-0.062209026,-0.273888478,0.201685448,-0.166583516,0.074673235,-1.136558565,0.17820571,-1.102317715,-0.469112778,0.921931859,-0.368448333,2.2,2.8,9.4,0.5929,3.38,55,41.7,50.4,1.080246914,4040,29475,593857
113,3094,Creighton University,113,35,-0.320991178,-0.529300572,0.06816521,-0.465886717,0.112112426,-1.179084781,-0.008279853,-0.516878352,-0.827845836,-0.770510928,-0.113450529,-0.25628092,-0.37740022,1.9,2.9,12.5,0.5522,3.31,72,40,59.5,0.954545455,8964,34922,589406
114,3106,CUNY,113,35,-0.147558848,-0.413571146,-0.453331735,-0.08707938,0.201685448,0.726799952,-0.682795808,-0.768836241,-0.015854447,-1.178160229,0.865257283,2.404199548,-0.956012694,2,2.5,5.5,0.6325,3.38,40,26.1768,55.8,1.056,2914.5,49911,301712
115,3058,Drake University,113,35,-0.229379638,-0.529300572,-0.062209026,-0.465886717,0.03533555,-1.536438168,-0.510877973,0.504572548,-0.334961712,0.742902685,-0.55014396,0.313822038,-0.671316146,1.9,2.8,11,0.5522,3.25,78,29.7,74.5,1.016129032,31423,28234,443267
116,3166,Seattle University,113,35,-0.215015174,-0.182112295,0.198539446,-0.08707938,0.086520134,0.071652075,-0.736256633,-0.84374264,-0.444529681,-0.788603967,-0.252855504,-0.104253464,-0.366867524,2.2,3,12.1,0.6325,3.29,51,25.0812,54.7,1.002439024,8695.5,32787,594643
117,3093,University of Montana,113,35,-0.309484856,-0.529300572,-0.583705972,-0.08707938,0.201685448,-0.285701312,0.269856971,0.388808112,-0.742823984,-1.127351472,-0.822293814,-1.206452516,-1.178446265,1.9,2.4,15,0.6325,3.38,57,45.7,72.8,0.965168539,3668.5,24066,191115
118,3138,Duquesne University,118,35,-0.458326018,-0.760759424,-0.192583263,-0.465886717,0.316850761,-0.34526021,-0.315694237,-0.632642787,-0.34548005,-0.291500257,-0.537280831,-1.130438788,-0.705132597,1.7,2.7,14.8,0.5522,3.47,58,33.7,57.8,1.014814815,16072.5,28431,426453
119,3041,Mercer University,118,35,-0.268924904,-0.413571146,-0.453331735,-0.465886717,0.086520134,0.071652075,-0.437684072,0.334330731,-0.294564542,1.225855415,-0.56855717,-1.016418196,-0.74779233,2,2.5,14.5,0.5522,3.29,51,31.2,72,1.021176471,38590,27952,405242
120,3153,Texas Tech University,118,35,-0.30517955,-0.645029998,-0.453331735,-0.08707938,0.291258469,-0.285701312,-0.584071874,0.266234004,-0.379307477,-0.830585207,-0.516712884,-1.092431924,0.302243276,1.8,2.5,14.7,0.6325,3.45,57,28.2,71,1.010588235,8072.5,28746,927334
121,3136,Willamette University,118,35,-0.21577853,-0.413571146,-0.062209026,-0.641845792,0.009743258,-1.179084781,-0.730459676,0.525001566,-0.404024166,-0.461076166,-0.603098262,1.378014225,-0.819256584,2,2.8,8.2,0.5149,3.23,72,25.2,74.8,1.0075,13556,27423,369709
122,3045,DePaul University,122,34,-0.259659767,-0.182112295,-0.062209026,-0.273888478,0.137704718,-0.166583516,-0.774376017,-0.584975079,-0.52771461,2.160898262,-0.729085101,-0.484322103,-0.472311137,2.2,2.8,13.1,0.5929,3.33,55,24.3,58.5,0.992045455,52466,25493.5,542215
123,3108,Hofstra University,122,34,-0.362926125,-0.29784172,-0.062209026,-0.465886717,0.16329701,0.071652075,-0.716816333,-0.816503949,0.346970857,0.071506072,-0.718768479,-1.130438788,-0.007362083,2.1,2.8,14.8,0.5522,3.35,51,25.4796,55.1,1.101333333,21459.5,25651.5,773394
124,3070,University of Baltimore,122,34,-0.439930694,-0.413571146,-0.453331735,-0.465886717,0.086520134,-0.404819108,0.347930466,-0.632642787,0.026163925,-0.59268028,-1.183604086,-0.142260328,-0.819324965,2,2.5,12.2,0.5522,3.29,59,47.3,57.8,1.06125,11603,18532.5,369675
125,3158,Vermont Law School,122,34,-0.3321274,-0.413571146,-0.192583263,-0.465886717,-0.041441325,-1.298202576,-0.545035127,-0.789265259,-1.349771007,0.33016577,0.384457031,0.541863221,-0.588142639,2,2.7,10.4,0.5522,3.19,74,29,55.5,0.889333333,25298,42547.5,484622
126,3061,Washburn University,122,34,-0.307729009,-0.645029998,-0.453331735,-0.641845792,0.073723988,-0.107024619,-0.715820896,0.388808112,-0.706853201,-0.194094345,-0.387428644,0.883924995,-0.057744855,1.8,2.5,9.5,0.5149,3.28,54,25.5,72.8,0.969662921,17518,30726,748343
127,3182,Chapman University,127,33,-0.414269869,-0.645029998,-0.583705972,0.266253989,0.240073886,0.012093177,-0.911004632,-1.45661318,0.853448714,0.54927011,-0.387102169,1.03595245,-0.176806357,1.8,2.4,9.1,0.7074,3.41,52,21.5,45.7,1.164615385,28549.5,30731,689144
128,3124,Cleveland State University,127,33,-0.321664883,-0.760759424,-0.453331735,-0.273888478,0.086520134,-0.166583516,-0.579192281,0.055134152,0.010575714,-0.527012994,-0.307409535,0.693890676,-0.190444358,1.7,2.5,10,0.5929,3.29,55,28.3,67.9,1.059302326,12577.5,31951.5,682363
129,3199,Drexel University,127,33,-0.315594939,-0.413571146,-0.453331735,-0.08707938,0.073723988,0.131210973,-0.510877973,-0.476020316,-0.543097318,-0.214680651,-0.518508498,0.503856357,-0.982818074,2,2.5,10.5,0.6325,3.28,50,29.7,60.1,0.990123457,17212.5,28718.5,288384
130,3109,New York Law School,127,33,-0.33204267,-0.645029998,-0.322957499,-0.641845792,-0.003052888,-0.226142414,-0.413286105,-0.591784751,0.209928482,-0.993220398,0.790690312,-0.25628092,0.603359326,1.8,2.6,12.5,0.5149,3.22,56,31.7,58.4,1.084210526,5659,48769,1077053
131,3025,Quinnipiac University,127,33,-0.386782391,-0.529300572,-0.974828681,-0.273888478,0.201685448,-0.226142414,-0.80853317,-0.33301719,-0.34548005,1.826665593,-0.434539038,0.465849493,-0.219526426,1.9,2.1,10.6,0.5929,3.38,56,23.6,62.2,1.014814815,47506,30004.5,667903
132,3127,University of Akron,127,33,-0.473180492,-0.760759424,-0.714080208,-0.273888478,0.304054615,-0.762172495,-0.54991472,-0.176394719,-0.668791092,-0.841232135,-0.89744844,0.427842629,-0.752212965,1.7,2.3,10.7,0.5929,3.46,65,28.9,64.5,0.974418605,7914.5,22915,403044
133,3044,University of Idaho,127,33,-0.257316012,-0.413571146,-0.322957499,-0.641845792,-0.092625909,-0.523936904,0.177437472,0.436475821,-0.647263047,0.295327405,-0.678383478,0.275815174,-0.627825784,2,2.6,11.1,0.5149,3.15,61,43.806,73.5,0.977108434,24781,26270,464891
134,3090,University of Missouri - Kansas City,127,33,-0.754576696,-0.182112295,-0.322957499,-0.465886717,-4.123411885,-0.166583516,-0.439792056,-0.428352607,-0.312873201,-0.351574536,-0.75836994,-0.370301511,-1.562818281,2.2,2.6,12.8,0.5522,0,55,31.1568,60.8,1.018888889,15181,25045,0
135,3066,Loyola University - New Orleans,135,32,-0.289368518,-0.29784172,0.06816521,-0.273888478,-0.092625909,-0.34526021,-1.081790401,-0.605404097,0.48809003,-0.285435551,-0.599572328,0.351828902,-0.340180805,2.1,2.9,10.9,0.5929,3.15,58,18,58.2,1.118965517,16162.5,27477,607912
136,3006,University of Arkansas - Little Rock,135,32,-0.419393836,-0.29784172,-0.192583263,-0.841391874,0.060927842,-0.821731393,-0.662145368,-0.285349481,-1.116967464,-0.318420811,-0.618181423,-1.282466243,-0.549913597,2.1,2.7,15.2,0.4726,3.27,66,26.6,62.9,0.918421053,15673,27192,503630
137,3191,University of St. Thomas,135,32,-0.432319583,-0.645029998,-0.453331735,-0.08707938,0.240073886,-1.238643679,-0.911004632,-0.298968827,-0.721940946,-0.131931111,-0.783182067,-0.636349558,0.659419738,1.8,2.5,13.5,0.6325,3.41,73,21.5,62.7,0.967777778,18440.5,24665,1104927
138,3101,Albany Law School,138,31,-0.385874826,-0.760759424,-0.453331735,-0.641845792,-0.003052888,-0.523936904,-0.09123294,0.089182515,-0.063875443,-0.766771026,-0.035292329,-0.978411333,0.358054298,1.7,2.5,14.4,0.5149,3.22,61,38.3,68.4,1.05,9019.5,36119,955084
139,3111,Pace University,138,31,-0.465587394,-0.529300572,-0.714080208,-0.641845792,0.073723988,-0.583495802,-0.833458134,-0.979936093,-0.116530044,-0.640625148,0.245737654,0.769904404,-0.438892905,1.9,2.3,9.8,0.5149,3.28,62,23.0892,52.7,1.043421053,10891.5,40423,558831
140,3121,University of North Dakota,138,31,-0.37762802,-0.529300572,-0.322957499,-1.21548181,0.048131696,-0.107024619,0.153137097,0.402427458,-0.874229753,-1.112863564,-0.512762532,-0.674356422,-0.683242609,1.9,2.6,13.6,0.3933,3.26,54,43.308,73,0.94875,3883.5,28806.5,437337
141,3020,University of San Francisco,138,31,-0.335737356,-0.29784172,0.06816521,-0.273888478,-0.02864518,-0.523936904,-0.715820896,-1.334039072,0.656439499,-0.428191984,0.007214762,-0.294287784,-0.598015659,2.1,2.9,12.6,0.5929,3.2,61,25.5,47.5,1.14,14044,36770,479713
142,3145,University of Memphis,142,30,-0.464515431,-0.645029998,-0.844454444,-0.273888478,0.060927842,0.071652075,-0.818292357,-0.067439956,0.121571493,-0.840895207,-0.866204749,-0.218274056,-0.917242637,1.8,2.2,12.4,0.5929,3.27,51,23.4,66.1,1.073170732,7919.5,23393.5,320989
143,3130,University of Toledo,142,30,-0.574632469,-0.760759424,-0.714080208,-0.641845792,0.086520134,-0.523936904,-0.842690324,-0.414733262,-0.594339935,-0.784628215,-0.929345082,0.617876948,-0.686949266,1.7,2.3,10.2,0.5149,3.29,61,22.9,61,0.98372093,8754.5,22426.5,435494
144,3086,William Mitchell College of Law,142,30,-0.4809827,-0.645029998,-0.583705972,-0.465886717,0.060927842,-1.179084781,-0.579192281,0.313901713,-0.570763736,-0.423407605,-0.599833509,-3.258823163,0.358289609,1.8,2.4,20.4,0.5522,3.27,72,28.3,71.7,0.986666667,14115,27473,955201
145,3084,Hamline University,145,29,-0.551581492,-0.760759424,-0.583705972,-0.641845792,0.060927842,-1.059966985,-0.828051544,0.143659896,-1.024295366,-0.244229245,-0.838062573,-1.890576065,0.318503893,1.7,2.4,16.8,0.5149,3.27,70,23.2,69.2,0.93,16774,23824.5,935419
146,3125,Ohio Northern University,145,29,-0.447819961,-0.992218276,-0.974828681,-0.841391874,0.073723988,0.190769871,0.352400173,0.681624037,-0.063875443,-0.243589082,-0.69385841,0.123787719,-0.155095367,1.5,2.1,11.5,0.4726,3.28,49,47.3916,77.1,1.05,16783.5,26033,699939
147,3129,University of Dayton,145,29,-0.458576304,-0.760759424,-0.453331735,-1.21548181,-0.092625909,-0.34526021,0.264918823,0.559049929,-1.134110822,-0.690928512,-0.610770433,-0.636349558,-1.031247963,1.7,2.5,13.5,0.3933,3.15,58,45.5988,75.3,0.91627907,10145,27305.5,264304
148,3144,University of South Dakota,145,29,-0.429413135,-0.645029998,-0.714080208,-1.21548181,-0.156606639,-1.77467376,0.928602081,1.090204397,0.09883306,-1.303632251,-1.187162668,0.085780855,-1.08010825,1.8,2.3,11.6,0.3933,3.1,82,59.2,83.1,1.07032967,1052.5,18478,240010
149,3131,Oklahoma City University,149,27,-0.583270961,-0.992218276,-0.714080208,-1.21548181,-0.054237471,-1.77467376,0.405860999,0.756530436,-0.826999801,-0.145745163,-0.997741668,-1.092431924,0.033559966,1.5,2.3,14.7,0.3933,3.18,82,48.4872,78.2,0.954651163,18235.5,21379,793741
150,3002,Samford University,149,27,-0.525124043,-0.760759424,-0.322957499,-0.641845792,-0.02864518,-1.417320372,-0.310814644,-0.10148832,0.387604008,0.616082951,-0.971297165,-1.928582928,-0.767429765,1.7,2.6,16.9,0.5149,3.2,76,33.8,65.6,1.106410256,29541,21784,395478
151,3051,Southern Illinois University - Carbondale,149,27,-0.507846643,-0.760759424,-0.714080208,-1.391440884,-0.169402785,-1.953350453,-0.52063716,0.81781749,-0.38219644,-0.209795194,-0.484000054,-0.104253464,-0.453480196,1.7,2.3,12.1,0.356,3.09,85,29.5,79.1,1.010227273,17285,29247,551578
152,3149,South Texas College of Law,149,27,-0.505622105,-0.87648885,-0.974828681,-0.641845792,-0.118218201,-0.821731393,0.362120323,0.695243382,-0.172158081,-1.174555098,-0.470222794,-2.422672158,0.011963615,1.6,2.1,18.2,0.5149,3.13,66,47.5908,77.3,1.036470588,2968,29458,783003
153,3179,Texas A&M University,149,27,-0.579541133,-0.529300572,-1.105202917,-0.08707938,-0.003052888,0.726799952,-0.935402599,-0.816503949,-0.303980424,-1.002384842,-0.735777845,-1.320473107,-0.562769239,1.9,2,15.3,0.6325,3.22,40,21,55.1,1.02,5523,25391,497238
154,3187,Appalachian School of Law,150,1,-1.5995407,-1.339406554,-1.887448335,-1.869785393,-4.123411885,-0.881290291,-0.687655883,-0.775645913,-2.324604158,-1.374555615,-2.39368498,4.494577059,-1.562818281,1.2,1.4,,0.2546,0,67,26.0772,55.7,0.767532468,,,0
155,3197,Arizona Summit Law School,150,1,-1.580771411,-1.45513598,-1.757074098,-1.869785393,-4.123411885,-1.000408087,-0.643915207,-0.714358859,-1.28492214,-1.374555615,-2.39368498,4.494577059,-1.562818281,1.1,1.5,,0.2546,0,69,26.9736,56.6,0.897435897,,,0
156,3192,John Marshall - Atlanta,150,1,-1.192859784,-1.223677128,-1.626699862,-1.21548181,-4.123411885,-0.107024619,-0.551573782,-0.584975079,-2.149493217,2.14324323,-0.864605019,4.494577059,-1.562818281,1.3,1.6,,0.3933,0,54,28.866,58.5,0.789411765,52204,23418,0
157,3188,Ave Maria School of Law,150,1,-1.045120398,-1.45513598,-1.496325626,-2.024044421,-0.207791223,-1.357761474,-1.04244136,-1.272752018,-2.690664976,-0.646487697,0.067775939,4.494577059,-0.961434911,1.1,1.7,,0.2219,3.06,75,18.8064,48.4,0.721794872,10804.5,37697.5,299016
158,3186,Barry University,150,1,-1.18588624,-1.339406554,-1.887448335,-1.553247755,-0.246179661,-0.583495802,-1.07160181,-1.313610054,-0.330658755,-1.374555615,-2.39368498,4.494577059,2.398925603,1.2,1.4,,0.3217,3.03,62,18.2088,47.8,1.016666667,,,1969833
159,3007,California Western School of Law,150,1,-0.817701017,-0.992218276,-0.844454444,-0.841391874,-0.105422055,-0.881290291,-1.372926462,-1.735809759,0.225481842,0.363319494,0.062127916,-0.674356422,-0.411415781,1.5,2.2,13.6,0.4726,3.14,67,12.0336,41.6,1.086153846,25790,37611,572493
160,3116,Campbell University,150,1,-0.626737751,-0.992218276,-0.974828681,-0.465886717,-0.02864518,-0.285701312,-0.950041379,-0.380684899,1.090252363,-0.658954036,-0.611553974,-0.864390741,0.095873224,1.5,2.1,14.1,0.5522,3.2,57,20.7,61.5,1.194202899,10619.5,27293.5,824724
161,3122,Capital University,150,1,-0.858387315,-1.107947702,-0.974828681,-1.21548181,-0.041441325,-1.655555964,-0.716816333,-0.816503949,-0.408212043,-0.773071582,-0.490529561,-0.674356422,-0.920931193,1.4,2.1,13.6,0.3933,3.19,80,25.4796,55.1,1.006976744,8926,29147,319155
162,3194,Charleston School of Law,150,1,-0.931120976,-1.339406554,-1.105202917,-1.21548181,-0.246179661,-1.834232658,-0.459232356,-0.455591298,-0.954264747,-0.119397386,-0.603979746,-1.320473107,-0.873245451,1.2,2,15.3,0.3933,3.03,83,30.7584,60.4,0.93875,18626.5,27409.5,342865
163,3198,Charlotte School of Law,150,1,-1.31812269,-1.339406554,-1.626699862,-2.146696859,-0.399733412,-1.357761474,-0.755696933,-0.870981331,-1.438389463,0.046371236,-1.27031594,-2.916761388,-0.722060935,1.2,1.6,19.5,0.1959,2.91,75,24.6828,54.3,0.87826087,21086.5,17204.5,418036
164,3200,Elon University,150,1,-0.799539159,-0.87648885,-0.583705972,-1.21548181,-0.246179661,-1.357761474,-0.837810731,-1.334039072,-0.98601776,-0.552922765,-0.294285226,0.047773991,-0.908284717,1.6,2.4,11.7,0.3933,3.03,75,23,47.5,0.934782609,12193,32152.5,325443
165,3195,Faulkner University,150,1,-1.206729036,-1.223677128,-1.235577153,-1.73109379,-4.123411885,-1.47687927,0.119116572,0.354759749,1.331606497,-1.374555615,-2.39368498,4.494577059,-1.562818281,1.3,1.9,,0.284,0,77,42.6108,72.3,1.224358974,,,0
166,3189,Florida A&M University,150,1,-1.517384316,-1.223677128,-1.626699862,-1.553247755,-4.123411885,-0.047465721,-0.998700685,-1.211464964,-0.966834345,-1.374555615,-2.39368498,4.494577059,-1.562818281,1.3,1.6,,0.3217,0,53,19.7028,49.3,0.937179487,,,0
167,3184,Florida Coastal School of Law,150,1,-1.777376266,-1.339406554,-1.887448335,-3.070835805,-4.123411885,-1.536438168,-1.552749238,-1.987767648,-1.428574693,-0.396621822,-0.801236153,4.494577059,-0.879904561,1.2,1.4,,,0,78,8.3484,37.9,0.879487179,14512.5,24388.5,339554
168,3008,Golden Gate University,150,1,-1.085579478,-0.87648885,-0.974828681,-1.032918373,-0.310160391,-0.762172495,-1.960117213,-2.600638188,-1.609166473,0.513589424,-0.64723773,-0.218274056,-0.589385566,1.6,2.1,12.4,0.432,2.98,65,0,28.9,0.856923077,28020,26747,484004
170,3047,John Marshall - Chicago,150,1,-0.587579079,-0.760759424,-0.322957499,-1.21548181,-0.220587369,-1.238643679,-0.252259523,-0.155965701,-0.745991866,0.361567468,-0.506330968,-1.586521154,-0.746764603,1.7,2.6,16,0.3933,3.05,73,35,64.8,0.964772727,25764,28905,405753
171,3196,Liberty University,150,1,-0.830385635,-1.339406554,-1.626699862,-0.641845792,0.022539404,-0.762172495,-1.047633247,-1.347658417,-1.534648377,-0.271924734,-0.209238397,4.494577059,-0.478018945,1.2,1.6,,0.5149,3.24,65,18.7,47.3,0.866233766,16363,33455,539377
172,3087,Mississippi College,150,1,-0.812040654,-0.87648885,-1.235577153,-1.391440884,-0.143810493,-1.715114862,-0.657265775,-0.087868974,-0.793606267,-0.835672821,-1.146092068,0.161794582,-0.333759018,1.6,1.9,11.4,0.356,3.11,81,26.7,65.8,0.958823529,7997,19107,611105
173,3075,New England Law Boston,150,1,-0.646370635,-0.992218276,-0.844454444,-0.841391874,-0.118218201,-1.655555964,-0.721676408,-0.823313622,0.085026871,-0.7045741,-0.923468525,4.494577059,-0.675105262,1.5,2.2,,0.4726,3.13,80,25.38,55,1.068604651,9942.5,22516.5,441383
174,3118,North Carolina Central University,150,1,-1.301814518,-1.107947702,-1.235577153,-1.869785393,0.009743258,-0.107024619,-2.072777266,-2.716402623,-0.858425742,-0.98520151,-0.893922506,-0.788377013,0.252825884,1.4,1.9,13.9,0.2546,3.23,54,-2.3088,27.2,0.950724638,5778,22969,902763
175,3049,Northern Illinois University,150,1,-0.711667776,-0.87648885,-0.844454444,-0.841391874,-0.169402785,-1.059966985,-0.405771531,-0.380684899,-0.518619725,-0.145778856,-0.794021048,-1.700541745,-0.899310707,1.6,2.2,16.3,0.4726,3.09,70,31.854,61.5,0.993181818,18235,24499,329905
176,3062,Northern Kentucky University,150,1,-0.766433876,-0.992218276,-1.105202917,-0.841391874,-0.079829763,-1.179084781,-0.386331231,-0.353446208,-0.761855038,-0.628192501,-0.870546871,-1.016418196,-0.66642891,1.5,2,14.5,0.4726,3.16,72,32.2524,61.9,0.962790698,11076,23327,445697
177,3035,Nova Southeastern University,150,1,-0.747911616,-0.992218276,-1.235577153,-1.21548181,-0.092625909,-0.107024619,-1.062272027,0.116421206,-0.094658133,0.70361687,-0.971982763,-1.130438788,-0.591298224,1.5,1.9,14.8,0.3933,3.15,54,18.4,68.8,1.046153846,30840,21773.5,483053
178,3175,Pontifical Catholic University,150,1,-2.083854763,-1.223677128,-0.844454444,-2.816567866,-4.123411885,-0.6430547,-3.010771746,-4.030669447,-2.758386894,-1.374555615,-2.39368498,4.494577059,-1.562818281,1.3,2.2,,0.0539,0,63,-21.5316,7.9,0.713333333,,,0
179,3172,Regent University,150,1,-0.723700331,-1.223677128,-1.365951389,-0.465886717,0.009743258,0.131210973,-0.25996928,-0.176394719,-0.869422456,-0.479674597,-1.122520548,0.351828902,-0.045148659,1.3,1.8,10.9,0.5522,3.23,50,34.842,64.5,0.949350649,13280,19468,754606
180,3180,Roger Williams University,150,1,-0.933359993,-0.87648885,-1.235577153,-1.21548181,-0.092625909,-1.179084781,-1.09104211,-1.340848745,-1.106191639,-0.576036032,-0.596144337,-0.522328967,-0.307659572,1.6,1.9,13.2,0.3933,3.15,72,17.8104,47.4,0.919767442,11850,27529.5,624082
181,3067,Southern University Law Center,150,1,-1.128733419,-1.107947702,-1.105202917,-1.869785393,-0.476510288,-0.762172495,-0.964680159,-1.163797255,-2.037152009,-1.145343433,-0.925362082,-1.396486835,0.802917418,1.4,2,15.5,0.2546,2.85,65,20.4,50,0.803448276,3401.5,22487.5,1176276
182,3013,Southwestern Law School,150,1,-0.531248037,-0.529300572,-0.583705972,-0.641845792,-0.003052888,-0.523936904,-1.276974137,-1.027603802,0.582561044,-0.395442574,0.041690559,-1.05442506,-0.125430049,1.9,2.4,14.6,0.5149,3.22,61,14,52,1.130769231,14530,37298,714689
183,3151,St. Mary's University,150,1,-0.555491682,-0.87648885,-0.583705972,-0.841391874,-0.233383515,-1.059966985,0.123976647,0.361569422,-0.793606267,-0.953799811,-0.869208322,-1.016418196,-0.528182495,1.6,2.4,14.5,0.4726,3.04,70,42.7104,72.4,0.958823529,6244,23347.5,514435
184,3173,St. Thomas University,150,1,-0.8284281,-1.107947702,-1.496325626,-1.391440884,-0.258975807,-0.6430547,-0.605034607,-0.659881478,-1.141269587,-0.485200218,-1.004989421,4.494577059,-0.166790541,1.4,1.7,,0.356,3.02,63,27.7704,57.4,0.915384615,13198,21268,694124
185,3077,Suffolk University,150,1,-0.815270127,-0.645029998,-0.322957499,-1.553247755,-0.067033617,-2.191586045,-0.789014797,-1.143368237,-0.84561259,0.085488588,-0.813381037,-2.004596656,-0.428720215,1.8,2.6,17.1,0.3217,3.17,89,24,50.3,0.952325581,21667,24202.5,563889
186,3152,Texas Southern University,150,1,-1.393042877,-1.107947702,-1.365951389,-1.73109379,-4.123411885,0.309887667,-0.736256633,-0.84374264,-8.46754977,-1.241266861,-0.797481687,4.494577059,-1.562818281,1.4,1.8,,0.284,0,47,25.0812,54.7,,1978,24446,0
187,3181,Thomas Jefferson School of Law,150,1,-1.021556103,-1.223677128,-1.365951389,-1.73109379,-0.56608331,-1.893791555,-1.076910808,-1.776667795,-2.446455637,-0.782572954,0.327552377,4.494577059,-0.626707552,1.3,1.8,,0.284,2.78,84,18.1,41,0.752307692,8785,41676,465447
188,3115,Touro College,150,1,-0.969733164,-0.992218276,-1.496325626,-1.553247755,-0.220587369,-0.940849189,-0.605034607,-0.659881478,-1.475018751,-0.504135577,-0.111263144,-2.992775116,-0.428694069,1.5,1.7,19.7,0.3217,3.05,68,27.7704,57.4,0.873684211,12917,34955.5,563902
189,3081,University of Detroit Mercy,150,1,-0.929807168,-1.107947702,-1.365951389,-0.465886717,-0.105422055,-0.107024619,-1.09104211,-1.340848745,-1.160006877,-0.561110117,-1.026504147,-0.408308375,-0.155089333,1.4,1.8,12.9,0.5522,3.14,54,17.8104,47.4,0.913043478,12071.5,20938.5,699942
190,3177,University of Puerto Rico,150,1,-1.577505557,-0.992218276,-1.105202917,-1.869785393,-4.123411885,-0.226142414,-1.815193289,-2.355489972,1.065507244,-1.374555615,-2.39368498,4.494577059,-1.562818281,1.5,2,,0.2546,0,56,2.97,32.5,1.191111111,,,0
191,3178,University Of the District of Columbia,150,1,-1.155141997,-1.107947702,-1.626699862,-1.21548181,-0.297364245,0.965035544,-1.387506687,-1.756238777,-3.015165832,-1.220950097,-1.050924503,0.389835765,-0.779066614,1.4,1.6,10.8,0.3933,2.99,36,11.7348,41.3,0.68125,2279.5,20564.5,389692
192,3010,University of the Pacific,150,1,-0.555192349,-0.529300572,-0.322957499,-0.641845792,-0.105422055,-1.357761474,-0.915884225,-1.374897108,-0.156223513,0.480031386,-0.036402345,-0.636349558,-0.269591427,1.9,2.6,13.5,0.5149,3.14,75,21.4,46.9,1.038461538,27522,36102,643010
193,3057,Valparaiso University,150,1,-0.821911316,-0.87648885,-0.322957499,-1.73109379,-0.143810493,-1.47687927,-0.935519709,-1.122939219,-1.071544941,0.151054795,-0.599768214,-0.370301511,-0.436256211,1.6,2.6,12.8,0.284,3.11,77,20.9976,50.6,0.924096386,22640,27474,560142
194,3080,Western Michigan University Thomas M. Cooley Law School,150,1,-1.182495543,-1.45513598,-1.496325626,-1.73109379,-0.284568099,-1.953350453,-1.630510438,-2.09672241,-1.705172775,-0.669634657,-0.366338337,4.494577059,0.427306223,1.1,1.7,,0.284,3,85,6.7548,36.3,0.844927536,10461,31049,989517
195,3078,Western New England University,150,1,-1.067853231,-1.107947702,-1.496325626,-1.553247755,-0.079829763,-1.77467376,-0.984120459,-1.191035946,-1.7090392,-0.459088291,-0.418509098,-0.940404469,-0.49572562,1.4,1.7,14.3,0.3217,3.16,82,20.0016,49.6,0.844444444,13585.5,30250,530573
196,3183,Western State College of Law,150,1,-1.201784415,-1.45513598,-1.626699862,-1.032918373,-0.131014347,-0.6430547,-1.261144736,-1.579187288,1.075084081,-0.356021987,-1.142239659,-2.004596656,-1.176789029,1.1,1.6,17.1,0.432,3.12,63,14.3244,43.9,1.192307692,15115,19166,191939
197,3022,Whittier College,150,1,-1.273014393,-1.107947702,-1.105202917,-1.553247755,-0.412529558,-1.298202576,-1.936695165,-2.525731788,-0.574868094,-0.129741079,-0.842176163,-1.282466243,0.362247667,1.4,2,15.2,0.3217,2.9,74,0.48,30,0.986153846,18473,23761.5,957169
198,3028,Widener University,150,1,-0.615542172,-0.760759424,-0.844454444,-1.032918373,-0.169402785,-0.6430547,-0.652386182,-0.462400971,-0.483812138,0.499707987,-0.584162692,0.503856357,-0.226710461,1.7,2.2,10.5,0.432,3.09,63,26.8,60.3,0.997530864,27814,27713,664331