"schoolid","schoolname","calendaryear","firsttimebaryear","gradtotal","graddidnottake","graddidnottakepct","gradnoinfo","gradnoinfopct","graddidnottakenoinfopct","prioryrfirsttimetaker","totalfirsttimetakers","totalfirsttimepassers","reportpct","avgschoolpasspct","avgstatepasspct","avgpasspctdiff","ultimatebaryear","ultimatecohorttotal","ultimatedidnottake","ultimatenoinfo","ultimatetakers","ultimatepassers","ultimateschoolpasspct"
"00100300","Faulkner University","2020","2019","62","8","0.12900000","0","0.00000000","0.12900000","17","71","52","","0.73240000","0.83760000","-0.10520000","2017","74","2","0","72","45","0.62500000"
"00103600","Samford University","2020","2019","138","12","0.08700000","1","0.00720000","0.09420000","13","138","114","","0.82610000","0.83310000","-0.00700000","2017","136","2","10","124","112","0.90320000"
"00105100","University of Alabama","2020","2019","131","10","0.07630000","3","0.02290000","0.09920000","8","126","118","","0.93650000","0.81720000","0.11930000","2017","132","6","0","126","121","0.96030000"
"00108100","Arizona State University","2020","2019","271","34","0.12550000","0","0.00000000","0.12550000","34","278","241","","0.86690000","0.74170000","0.12520000","2017","213","7","2","204","185","0.90690000"
"00108300","University of Arizona","2020","2019","103","23","0.22330000","0","0.00000000","0.22330000","13","114","76","","0.66670000","0.74470000","-0.07800000","2017","130","8","1","121","107","0.88430000"
"00110101","University of Arkansas-Little Rock","2020","2019","121","12","0.09920000","0","0.00000000","0.09920000","8","117","79","","0.67520000","0.73420000","-0.05900000","2017","120","3","0","117","104","0.88890000"
"00110800","University of Arkansas-Fayetteville","2020","2019","98","7","0.07140000","0","0.00000000","0.07140000","1","92","72","","0.78260000","0.75290000","0.02970000","2017","121","6","0","115","106","0.92170000"
"00116453","Chapman University","2020","2019","162","0","0.00000000","0","0.00000000","0.00000000","0","162","96","","0.59260000","0.69110000","-0.09850000","2017","144","0","0","144","125","0.86810000"
"00120529","Golden Gate University","2020","2019","108","19","0.17590000","1","0.00930000","0.18520000","9","98","43","","0.43880000","0.70290000","-0.26410000","2017","87","3","0","84","63","0.75000000"
"00121601","University of La Verne","2020","2019","","","","","","","","","","","","","","","","","","","",""
"00129500","Southwestern Law School","2020","2019","190","9","0.04740000","13","0.06840000","0.11580000","23","191","108","","0.56540000","0.69420000","-0.12880000","2017","292","0","6","286","221","0.77270000"
"00130503","Stanford University","2020","2019","183","15","0.08200000","4","0.02190000","0.10380000","6","171","163","","0.95320000","0.74350000","0.20970000","2017","194","7","5","182","181","0.99450000"
"00131273","University of California-Berkeley","2020","2019","330","13","0.03940000","6","0.01820000","0.05760000","11","322","291","","0.90370000","0.71880000","0.18490000","2017","305","5","2","298","290","0.97320000"
"00131373","University of California-Davis","2020","2019","155","13","0.08390000","0","0.00000000","0.08390000","6","148","125","","0.84460000","0.70010000","0.14450000","2017","165","1","4","160","148","0.92500000"
"00131400","University of California-Irvine","2020","2019","143","11","0.07690000","0","0.00000000","0.07690000","3","135","110","","0.81490000","0.69740000","0.11750000","2017","95","2","0","93","87","0.93550000"
"00131500","University of California-Los Angeles","2020","2019","315","2","0.00630000","9","0.02860000","0.03490000","9","313","280","","0.89460000","0.70940000","0.18520000","2017","350","0","2","348","332","0.95400000"
"00132500","University of San Francisco","2020","2019","116","17","0.14660000","0","0.00000000","0.14660000","15","114","44","","0.38600000","0.69200000","-0.30600000","2017","158","6","1","151","116","0.76820000"
"00132600","Santa Clara University","2020","2019","214","36","0.16820000","0","0.00000000","0.16820000","26","204","132","","0.64710000","0.69580000","-0.04870000","2017","134","3","0","131","116","0.88550000"
"00132800","University of Southern California","2020","2019","224","10","0.04460000","2","0.00890000","0.05360000","7","220","193","","0.87730000","0.70060000","0.17670000","2017","211","3","2","206","196","0.95150000"
"00132901","McGeorge School of Law","2020","2019","141","9","0.06380000","5","0.03550000","0.09930000","2","129","84","","0.65120000","0.69200000","-0.04080000","2017","130","3","0","127","103","0.81100000"
"00137000","University of Colorado","2020","2019","154","14","0.09090000","0","0.00000000","0.09090000","12","152","133","","0.87500000","0.76540000","0.10960000","2017","167","4","0","163","158","0.96930000"
"00137100","University of Denver","2020","2019","244","43","0.17620000","0","0.00000000","0.17620000","39","240","194","","0.80830000","0.76660000","0.04170000","2017","253","8","2","243","217","0.89300000"
"00140201","Quinnipiac University","2020","2019","76","10","0.13160000","0","0.00000000","0.13160000","11","77","55","","0.71430000","0.72430000","-0.01000000","2017","89","3","0","86","74","0.86050000"
"00141706","University of Connecticut","2020","2019","105","11","0.10480000","0","0.00000000","0.10480000","5","99","77","","0.77780000","0.72010000","0.05770000","2017","155","12","0","143","131","0.91610000"
"00142600","Yale University","2020","2019","212","19","0.08960000","0","0.00000000","0.08960000","19","214","206","","0.96260000","0.77380000","0.18880000","2017","222","18","0","204","204","1.00000000"
"00143401","American University","2020","2019","399","54","0.13530000","13","0.03260000","0.16790000","59","391","295","","0.75450000","0.75350000","0.00100000","2017","384","11","2","371","296","0.79780000"
"00143711","Catholic University of America","2020","2019","104","8","0.07690000","2","0.01920000","0.09620000","7","101","81","","0.80200000","0.74100000","0.06100000","2017","112","0","4","108","99","0.91670000"
"00144102","District of Columbia","2020","2019","66","21","0.31820000","0","0.00000000","0.31820000","8","53","20","","0.37740000","0.73610000","-0.35870000","2017","68","4","0","64","41","0.64060000"
"00144402","George Washington University","2020","2019","501","19","0.03790000","34","0.06790000","0.10580000","36","484","426","","0.88020000","0.75350000","0.12670000","2017","618","5","21","592","562","0.94930000"
"00144503","Georgetown University","2020","2019","660","21","0.03180000","37","0.05610000","0.08790000","86","696","645","","0.92670000","0.76990000","0.15680000","2017","674","4","20","650","623","0.95850000"
"00144802","Howard University","2020","2019","131","5","0.03820000","1","0.00760000","0.04580000","13","139","94","","0.67620000","0.76010000","-0.08390000","2017","107","10","4","93","79","0.84950000"
"00146601","Barry University","2020","2019","176","56","0.31820000","0","0.00000000","0.31820000","42","162","92","","0.56790000","0.70840000","-0.14050000","2017","179","13","0","166","126","0.75900000"
"00146800","St. Thomas University (Florida)","2020","2019","157","28","0.17830000","4","0.02550000","0.20380000","40","165","110","","0.66660000","0.70900000","-0.04240000","2017","179","4","0","175","141","0.80570000"
"00148001","Florida A&M University","2020","2019","143","37","0.25870000","34","0.23780000","0.49650000","36","108","63","","0.58330000","0.71140000","-0.12810000","2017","127","0","7","120","85","0.70830000"
"00148900","Florida State University","2020","2019","177","39","0.22030000","0","0.00000000","0.22030000","5","143","124","","0.86710000","0.70780000","0.15930000","2017","234","4","3","227","211","0.92950000"
"00150900","Nova Southeastern University","2020","2019","226","13","0.05750000","1","0.00440000","0.06190000","8","220","144","","0.65450000","0.70580000","-0.05130000","2017","219","3","0","216","195","0.90280000"
"00153101","Stetson University","2020","2019","245","50","0.20410000","0","0.00000000","0.20410000","46","247","190","","0.76920000","0.70640000","0.06280000","2017","237","20","0","217","190","0.87560000"
"00153505","University of Florida","2020","2019","329","27","0.08210000","0","0.00000000","0.08210000","24","326","284","","0.87120000","0.71090000","0.16030000","2017","326","5","3","318","296","0.93080000"
"00153601","University of Miami","2020","2019","340","46","0.13530000","49","0.14410000","0.27940000","38","283","222","","0.78440000","0.71790000","0.06650000","2017","257","16","4","237","228","0.96200000"
"00156400","Emory University","2020","2019","307","37","0.12050000","0","0.00000000","0.12050000","21","291","241","","0.82820000","0.72020000","0.10800000","2017","299","9","5","285","252","0.88420000"
"00157400","Georgia State University","2020","2019","196","28","0.14290000","0","0.00000000","0.14290000","23","191","166","","0.86910000","0.65920000","0.20990000","2017","184","8","0","176","170","0.96590000"
"00158015","Mercer University","2020","2019","130","8","0.06150000","0","0.00000000","0.06150000","6","128","104","","0.81250000","0.66980000","0.14270000","2017","123","0","4","119","106","0.89080000"
"00159800","University of Georgia","2020","2019","185","11","0.05950000","0","0.00000000","0.05950000","8","182","167","","0.91760000","0.67780000","0.23980000","2017","182","5","0","177","169","0.95480000"
"00161000","University of Hawaii","2020","2019","88","20","0.22730000","0","0.00000000","0.22730000","2","70","46","","0.65720000","0.73270000","-0.07550000","2017","124","0","8","116","99","0.85340000"
"00162600","University of Idaho","2020","2019","101","14","0.13860000","7","0.06930000","0.20790000","12","92","64","","0.69560000","0.73860000","-0.04300000","2017","89","3","5","81","68","0.83950000"
"00167100","Depaul University","2020","2019","213","29","0.13620000","11","0.05160000","0.18780000","19","192","133","","0.69270000","0.74430000","-0.05160000","2017","239","0","11","228","179","0.78510000"
"00169101","Chicago-Kent College of Law-IIT","2020","2019","234","24","0.10260000","27","0.11540000","0.21790000","27","210","168","","0.80000000","0.74540000","0.05460000","2017","209","0","16","193","174","0.90160000"
"00169800","John Marshall Law School","2020","2019","221","52","0.23530000","4","0.01810000","0.25340000","53","218","129","","0.59170000","0.74350000","-0.15180000","2017","351","8","9","334","296","0.88620000"
"00171000","Loyola University-Chicago","2020","2019","198","6","0.03030000","8","0.04040000","0.07070000","0","184","157","","0.85320000","0.74100000","0.11220000","2017","222","5","13","204","180","0.88240000"
"00173700","Northern Illinois University","2020","2019","80","12","0.15000000","0","0.00000000","0.15000000","18","86","68","","0.79070000","0.74430000","0.04640000","2017","69","2","0","67","58","0.86570000"
"00173900","Northwestern University","2020","2019","240","23","0.09580000","1","0.00420000","0.10000000","8","224","206","","0.91970000","0.76050000","0.15920000","2017","249","8","3","238","229","0.96220000"
"00175800","Southern Illinois University-Carbondale","2020","2019","91","21","0.23080000","0","0.00000000","0.23080000","15","85","50","","0.58820000","0.76740000","-0.17920000","2017","107","6","2","99","79","0.79800000"
"00177400","University of Chicago","2020","2019","202","14","0.06930000","0","0.00000000","0.06930000","8","197","190","","0.96450000","0.76320000","0.20130000","2017","212","3","0","209","208","0.99520000"
"00177500","University of Illinois","2020","2019","126","11","0.08730000","0","0.00000000","0.08730000","5","120","111","","0.92500000","0.74740000","0.17760000","2017","143","7","0","136","132","0.97060000"
"00180900","Indiana University - Bloomington","2020","2019","179","13","0.07260000","1","0.00560000","0.07820000","7","173","112","","0.88190000","0.75470000","0.12720000","2017","176","13","0","163","152","0.93250000"
"00181300","Indiana University - Indianapolis","2020","2019","246","52","0.21140000","5","0.02030000","0.23170000","28","220","152","","0.69090000","0.74370000","-0.05280000","2017","236","11","3","222","190","0.85590000"
"00184000","University of Notre Dame","2020","2019","193","4","0.02070000","4","0.02070000","0.04150000","8","193","174","","0.90160000","0.75690000","0.14470000","2017","207","5","0","202","193","0.95540000"
"00186000","Drake University","2020","2019","100","18","0.18000000","0","0.00000000","0.18000000","25","107","90","","0.84110000","0.81820000","0.02290000","2017","94","3","0","91","82","0.90110000"
"00189200","University of Iowa","2020","2019","142","9","0.06340000","0","0.00000000","0.06340000","2","135","125","","0.92590000","0.79020000","0.13570000","2017","133","3","0","130","121","0.93080000"
"00194800","University of Kansas","2020","2019","98","15","0.15310000","0","0.00000000","0.15310000","13","96","82","","0.85410000","0.83010000","0.02400000","2017","121","0","5","116","112","0.96550000"
"00194900","Washburn University","2020","2019","103","25","0.24270000","0","0.00000000","0.24270000","23","101","84","","0.83170000","0.84950000","-0.01780000","2017","100","3","0","97","82","0.84540000"
"00198903","University of Kentucky","2020","2019","168","12","0.07140000","0","0.00000000","0.07140000","4","160","118","","0.73750000","0.75220000","-0.01470000","2017","110","1","2","107","99","0.92520000"
"00199900","University of Louisville","2020","2019","100","3","0.03000000","7","0.07000000","0.10000000","3","93","69","","0.74190000","0.74850000","-0.00660000","2017","71","3","0","68","64","0.94120000"
"00201000","Louisiana State University","2020","2019","177","9","0.05080000","7","0.03950000","0.09040000","3","164","136","","0.82930000","0.74640000","0.08290000","2017","183","0","11","172","160","0.93020000"
"00201600","Loyola University-New Orleans","2020","2019","145","24","0.16550000","0","0.00000000","0.16550000","24","145","94","","0.64830000","0.74270000","-0.09440000","2017","136","5","4","127","116","0.91340000"
"00202500","Southern University","2020","2019","150","63","0.42000000","0","0.00000000","0.42000000","49","136","86","","0.63240000","0.74090000","-0.10850000","2017","158","24","0","134","102","0.76120000"
"00202900","Tulane University","2020","2019","175","23","0.13140000","5","0.02860000","0.16000000","13","160","121","","0.75630000","0.76220000","-0.00590000","2017","175","0","8","167","150","0.89820000"
"00205400","University of Maine","2020","2019","76","11","0.14470000","0","0.00000000","0.14470000","5","70","41","","0.58570000","0.58290000","0.00280000","2017","83","7","2","74","63","0.85140000"
"00210200","University of Baltimore","2020","2019","192","6","0.03130000","17","0.08850000","0.11980000","5","174","128","","0.73560000","0.77820000","-0.04260000","2017","222","3","12","207","177","0.85510000"
"00210400","University of Maryland","2020","2019","186","9","0.04840000","13","0.06990000","0.11830000","30","195","168","","0.86150000","0.77130000","0.09020000","2017","183","1","4","178","150","0.84270000"
"00212801","Boston College","2020","2019","250","10","0.04000000","0","0.00000000","0.04000000","6","246","225","","0.91460000","0.80990000","0.10470000","2017","237","2","2","233","226","0.97000000"
"00213007","Boston University","2020","2019","254","9","0.03540000","0","0.00000000","0.03540000","5","250","229","","0.91600000","0.80730000","0.10870000","2017","215","4","0","211","201","0.95260000"
"00215510","Harvard University","2020","2019","598","14","0.02340000","40","0.06690000","0.09030000","16","561","555","","0.98930000","0.79010000","0.19920000","2017","610","4","8","598","591","0.98830000"
"00219900","Northeastern University","2020","2019","211","18","0.08530000","2","0.00950000","0.09480000","10","201","172","","0.85570000","0.80130000","0.05440000","2017","133","1","0","132","125","0.94700000"
"00221007","University of Massachusetts Dartmouth","2020","2019","46","5","0.10870000","0","0.00000000","0.10870000","8","49","30","","0.61230000","0.79470000","-0.18240000","2017","49","0","0","49","44","0.89800000"
"00221810","Suffolk University","2020","2019","303","27","0.08910000","12","0.03960000","0.12870000","16","281","187","","0.66550000","0.80230000","-0.13680000","2017","321","2","11","308","242","0.78570000"
"00222600","Western New England University","2020","2019","53","6","0.11320000","2","0.03770000","0.15090000","2","47","30","","0.63830000","0.79170000","-0.15340000","2017","101","4","0","97","73","0.75260000"
"00225400","Michigan State University","2020","2019","236","38","0.16100000","0","0.00000000","0.16100000","28","226","174","","0.76990000","0.72810000","0.04180000","2017","236","18","0","218","192","0.88070000"
"00232300","University of Detroit Mercy","2020","2019","176","98","0.55680000","0","0.00000000","0.55680000","28","106","64","","0.60370000","0.70430000","-0.10060000","2017","157","57","0","100","90","0.90000000"
"00232503","University of Michigan","2020","2019","314","80","0.25480000","7","0.02230000","0.27710000","77","304","290","","0.95390000","0.77180000","0.18210000","2017","329","1","4","324","311","0.95990000"
"00232902","Wayne State University","2020","2019","132","25","0.18940000","0","0.00000000","0.18940000","11","119","97","","0.81510000","0.70550000","0.10960000","2017","113","1","0","112","102","0.91070000"
"00234500","University of St. Thomas (Minnesota)","2020","2019","132","7","0.05300000","0","0.00000000","0.05300000","0","125","101","","0.80800000","0.80150000","0.00650000","2017","122","3","0","119","108","0.90760000"
"00239101","Mitchell Hamline School of Law","2020","2019","297","9","0.03030000","38","0.12790000","0.15820000","29","279","193","","0.69170000","0.79520000","-0.10350000","2017","239","19","0","220","182","0.82730000"
"00241501","Mississippi College","2020","2019","111","28","0.25230000","2","0.01800000","0.27030000","18","99","60","","0.60610000","0.78210000","-0.17600000","2017","113","7","0","106","68","0.64150000"
"00244000","University of Mississippi","2020","2019","99","24","0.24240000","0","0.00000000","0.24240000","17","92","70","","0.76090000","0.78710000","-0.02620000","2017","115","9","0","106","84","0.79250000"
"00250609","Saint Louis University","2020","2019","159","18","0.11320000","5","0.03140000","0.14470000","26","162","141","","0.87040000","0.80950000","0.06090000","2017","152","1","4","147","144","0.97960000"
"00251600","University of Missouri","2020","2019","90","8","0.08890000","4","0.04440000","0.13330000","8","86","76","","0.88370000","0.81160000","0.07210000","2017","105","6","3","96","85","0.88540000"
"00251800","University of Missouri-Kansas City","2020","2019","126","26","0.20630000","0","0.00000000","0.20630000","35","135","112","","0.82970000","0.81960000","0.01010000","2017","140","3","0","137","124","0.90510000"
"00252000","Washington University","2020","2019","230","20","0.08700000","2","0.00870000","0.09570000","22","230","205","","0.89130000","0.78700000","0.10430000","2017","252","5","3","244","226","0.92620000"
"00253600","University of Montana","2020","2019","70","9","0.12860000","0","0.00000000","0.12860000","9","70","57","","0.81430000","0.83940000","-0.02510000","2017","79","2","0","77","72","0.93510000"
"00254200","Creighton University","2020","2019","88","16","0.18180000","1","0.01140000","0.19320000","12","83","60","","0.72290000","0.80930000","-0.08640000","2017","100","2","0","98","89","0.90820000"
"00256500","University of Nebraska","2020","2019","117","12","0.10260000","0","0.00000000","0.10260000","10","115","101","","0.87830000","0.81520000","0.06310000","2017","94","3","0","91","90","0.98900000"
"00256900","University of Nevada - Las Vegas","2020","2019","116","17","0.14660000","0","0.00000000","0.14660000","23","123","94","","0.76430000","0.70650000","0.05780000","2017","125","3","0","122","108","0.88520000"
"00258903","University of New Hampshire","2020","2019","61","5","0.08200000","0","0.00000000","0.08200000","4","62","54","","0.87090000","0.72220000","0.14870000","2017","62","1","0","61","57","0.93440000"
"00262900","Rutgers University","2020","2019","312","20","0.06410000","8","0.02560000","0.08970000","16","303","224","","0.73930000","0.77000000","-0.03070000","2017","387","3","9","375","322","0.85870000"
"00263201","Seton Hall University","2020","2019","140","8","0.05710000","0","0.00000000","0.05710000","4","136","123","","0.90440000","0.76990000","0.13450000","2017","167","1","2","164","154","0.93900000"
"00266300","University of New Mexico","2020","2019","114","19","0.16670000","0","0.00000000","0.16670000","23","118","95","","0.80510000","0.75010000","0.05500000","2017","109","4","1","104","91","0.87500000"
"00267700","Brooklyn Law School","2020","2019","319","20","0.06270000","1","0.00310000","0.06580000","11","319","262","","0.82140000","0.83500000","-0.01360000","2017","369","6","1","362","329","0.90880000"
"00270711","Columbia University","2020","2019","424","8","0.01890000","0","0.00000000","0.01890000","5","430","409","","0.95110000","0.81480000","0.13630000","2017","430","6","0","424","411","0.96930000"
"00271101","Cornell University","2020","2019","187","7","0.03740000","0","0.00000000","0.03740000","6","193","181","","0.93790000","0.81970000","0.11820000","2017","203","3","0","200","195","0.97500000"
"00272203","Fordham University","2020","2019","373","20","0.05360000","0","0.00000000","0.05360000","15","377","337","","0.89390000","0.83510000","0.05880000","2017","348","40","0","308","296","0.96100000"
"00273200","Hofstra University","2020","2019","211","10","0.04740000","0","0.00000000","0.04740000","15","216","126","","0.58330000","0.83680000","-0.25350000","2017","237","4","0","233","204","0.87550000"
"00278300","New York Law School","2020","2019","260","1","0.00380000","7","0.02690000","0.03080000","14","278","209","","0.75180000","0.82940000","-0.07760000","2017","238","0","9","229","177","0.77290000"
"00278500","New York University","2020","2019","476","19","0.03990000","4","0.00840000","0.04830000","8","470","451","","0.95960000","0.82480000","0.13480000","2017","481","6","0","475","467","0.98320000"
"00279102","Pace University","2020","2019","185","10","0.05410000","0","0.00000000","0.05410000","5","180","134","","0.74440000","0.83300000","-0.08860000","2017","170","6","0","164","146","0.89020000"
"00282300","St. John's University","2020","2019","221","2","0.00900000","0","0.00000000","0.00900000","2","222","194","","0.87380000","0.83720000","0.03660000","2017","214","4","1","209","201","0.96170000"
"00283700","University of Buffalo-SUNY","2020","2019","135","3","0.02220000","6","0.04440000","0.06670000","8","138","99","","0.71740000","0.83780000","-0.12040000","2017","149","4","0","145","127","0.87590000"
"00288200","Syracuse University","2020","2019","191","31","0.16230000","1","0.00520000","0.16750000","7","170","142","","0.83530000","0.81420000","0.02110000","2017","140","3","1","136","130","0.95590000"
"00288600","Albany Law School of Union University","2020","2019","139","23","0.16550000","0","0.00000000","0.16550000","22","138","105","","0.76080000","0.83570000","-0.07490000","2017","115","1","0","114","92","0.80700000"
"00290301","Cardozo School of Law","2020","2019","275","8","0.02910000","6","0.02180000","0.05090000","1","268","227","","0.84710000","0.83490000","0.01220000","2017","295","3","3","289","274","0.94810000"
"00291300","Campbell University","2020","2019","112","15","0.13390000","0","0.00000000","0.13390000","9","106","97","","0.91510000","0.79860000","0.11650000","2017","141","3","0","138","129","0.93480000"
"00292002","Duke University","2020","2019","223","11","0.04930000","4","0.01790000","0.06730000","8","217","212","","0.97700000","0.78980000","0.18720000","2017","224","2","2","220","219","0.99550000"
"00292701","Elon University","2020","2019","109","108","0.99080000","0","0.00000000","0.99080000","97","98","69","","0.70410000","0.78310000","-0.07900000","2017","191","8","1","182","141","0.77470000"
"00295000","North Carolina Central University","2020","2019","128","13","0.10160000","9","0.07030000","0.17190000","16","122","93","","0.76230000","0.78640000","-0.02410000","2017","174","12","0","162","131","0.80860000"
"00297400","University of North Carolina","2020","2019","208","17","0.08170000","0","0.00000000","0.08170000","9","200","185","","0.92500000","0.78850000","0.13650000","2017","193","4","2","187","180","0.96260000"
"00297805","Wake Forest University","2020","2019","158","12","0.07590000","6","0.03800000","0.11390000","0","140","126","","0.90000000","0.78860000","0.11140000","2017","177","6","0","171","159","0.92980000"
"00300500","University of North Dakota","2020","2019","95","6","0.06320000","10","0.10530000","0.16840000","15","94","74","","0.78730000","0.79070000","-0.00340000","2017","62","0","2","60","47","0.78330000"
"00302302","Capital University","2020","2019","100","13","0.13000000","1","0.01000000","0.14000000","19","105","77","","0.73340000","0.78920000","-0.05580000","2017","117","8","0","109","90","0.82570000"
"00302400","Case Western Reserve University","2020","2019","142","17","0.11970000","0","0.00000000","0.11970000","7","134","109","","0.81340000","0.78840000","0.02500000","2017","138","7","0","131","120","0.91600000"
"00303200","Cleveland State University","2020","2019","90","24","0.26670000","0","0.00000000","0.26670000","16","82","62","","0.75610000","0.79410000","-0.03800000","2017","123","7","0","116","94","0.81030000"
"00308900","Ohio Northern University","2020","2019","49","7","0.14290000","0","0.00000000","0.14290000","3","45","38","","0.84440000","0.75590000","0.08850000","2017","49","3","0","46","37","0.80430000"
"00309000","Ohio State University","2020","2019","170","16","0.09410000","6","0.03530000","0.12940000","7","155","134","","0.86450000","0.79530000","0.06920000","2017","165","3","4","158","147","0.93040000"
"00312300","University of Akron","2020","2019","128","41","0.32030000","0","0.00000000","0.32030000","33","120","97","","0.80830000","0.79570000","0.01260000","2017","114","0","8","106","88","0.83020000"
"00312500","University of Cincinnati","2020","2019","118","9","0.07630000","0","0.00000000","0.07630000","2","111","93","","0.83780000","0.77880000","0.05900000","2017","68","2","0","66","61","0.92420000"
"00312700","University of Dayton","2020","2019","85","8","0.09410000","0","0.00000000","0.09410000","3","80","67","","0.83750000","0.78260000","0.05490000","2017","96","5","0","91","73","0.80220000"
"00313100","University of Toledo","2020","2019","79","22","0.27850000","6","0.07590000","0.35440000","23","75","60","","0.80000000","0.77000000","0.03000000","2017","72","0","6","66","57","0.86360000"
"00316614","Oklahoma City University","2020","2019","125","23","0.18400000","5","0.04000000","0.22400000","17","114","75","","0.65790000","0.82970000","-0.17180000","2017","126","5","0","121","97","0.80170000"
"00318400","University of Oklahoma","2020","2019","176","5","0.02840000","0","0.00000000","0.02840000","6","177","162","","0.91520000","0.82180000","0.09340000","2017","156","4","0","152","148","0.97370000"
"00318500","University of Tulsa","2020","2019","88","32","0.36360000","0","0.00000000","0.36360000","30","86","73","","0.84880000","0.82530000","0.02350000","2017","81","2","0","79","77","0.97470000"
"00319100","Concordia Law School","2020","2019","38","10","0.26320000","0","0.00000000","0.26320000","5","33","22","","0.66670000","0.72970000","-0.06300000","2017","32","0","0","32","32","1.00000000"
"00319700","Lewis and Clark College","2020","2019","164","27","0.16460000","0","0.00000000","0.16460000","15","163","132","","0.80980000","0.79550000","0.01430000","2017","183","15","0","168","152","0.90480000"
"00322300","University of Oregon","2020","2019","96","9","0.09380000","2","0.02080000","0.11460000","14","99","85","","0.85860000","0.79140000","0.06720000","2017","102","6","0","96","88","0.91670000"
"00322700","Willamette University","2020","2019","87","11","0.12640000","0","0.00000000","0.12640000","3","79","65","","0.82280000","0.79740000","0.02540000","2017","100","1","0","99","87","0.87880000"
"00325600","Drexel University","2020","2019","131","7","0.05340000","4","0.03050000","0.08400000","6","126","97","","0.76980000","0.78770000","-0.01790000","2017","125","8","4","113","97","0.85840000"
"00325800","Duquesne University","2020","2019","108","0","0.00000000","6","0.05560000","0.05560000","1","103","89","","0.86410000","0.79580000","0.06830000","2017","126","0","9","117","109","0.93160000"
"00331301","Widener University-Delaware","2020","2019","113","21","0.18580000","0","0.00000000","0.18580000","5","97","53","","0.54640000","0.74080000","-0.19440000","2017","94","2","0","92","82","0.89130000"
"00331302","Widener Commonwealth","2020","2019","79","15","0.18990000","0","0.00000000","0.18990000","7","72","49","","0.68050000","0.79170000","-0.11120000","2017","63","0","0","63","55","0.87300000"
"00332900","Pennsylvania State University-Penn State Law","2020","2019","147","15","0.10200000","1","0.00680000","0.10880000","3","134","114","","0.85080000","0.77250000","0.07830000","2017","112","2","1","109","103","0.94500000"
"00332923","Pennsylvania State University-Dickinson School of Law","2020","2019","57","4","0.07020000","0","0.00000000","0.07020000","2","55","45","","0.81820000","0.78130000","0.03690000","2017","61","2","0","59","53","0.89830000"
"00337101","Temple University","2020","2019","216","8","0.03700000","1","0.00460000","0.04170000","7","214","179","","0.83640000","0.78640000","0.05000000","2017","218","2","1","215","200","0.93020000"
"00337800","University of Pennsylvania","2020","2019","249","11","0.04420000","3","0.01200000","0.05620000","2","239","232","","0.97070000","0.79690000","0.17380000","2017","256","10","0","246","245","0.99590000"
"00337900","University of Pittsburgh","2020","2019","127","19","0.14960000","0","0.00000000","0.14960000","10","118","98","","0.83050000","0.79030000","0.04020000","2017","140","3","0","137","124","0.90510000"
"00338801","Villanova University","2020","2019","212","7","0.03300000","2","0.00940000","0.04250000","3","206","180","","0.87380000","0.77710000","0.09670000","2017","158","2","3","153","128","0.83660000"
"00341001","Roger Williams University","2020","2019","134","19","0.14180000","0","0.00000000","0.14180000","13","128","76","","0.59370000","0.74120000","-0.14750000","2017","128","5","0","123","93","0.75610000"
"00344800","University of South Carolina","2020","2019","196","13","0.06630000","3","0.01530000","0.08160000","14","194","157","","0.80930000","0.75050000","0.05880000","2017","207","3","12","192","182","0.94790000"
"00347400","University of South Dakota","2020","2019","49","6","0.12240000","1","0.02040000","0.14290000","5","47","36","","0.76600000","0.80890000","-0.04290000","2017","73","10","2","61","41","0.67210000"
"00347900","Belmont University","2020","2019","84","4","0.04760000","0","0.00000000","0.04760000","0","80","77","","0.96250000","0.80560000","0.15690000","2017","77","1","0","76","72","0.94740000"
"00350200","Lincoln Memorial University","2020","2019","70","14","0.20000000","0","0.00000000","0.20000000","9","65","45","","0.69230000","0.79850000","-0.10620000","2017","20","1","0","19","17","0.89470000"
"00350900","University of Memphis","2020","2019","92","12","0.13040000","0","0.00000000","0.13040000","1","81","65","","0.80250000","0.80790000","-0.00540000","2017","108","6","0","102","92","0.90200000"
"00353000","University of Tennessee","2020","2019","111","5","0.04500000","0","0.00000000","0.04500000","5","111","95","","0.85590000","0.80530000","0.05060000","2017","100","8","0","92","85","0.92390000"
"00353500","Vanderbilt University","2020","2019","209","10","0.04780000","2","0.00960000","0.05740000","8","205","193","","0.94150000","0.77270000","0.16880000","2017","190","1","0","189","182","0.96300000"
"00354500","Baylor University","2020","2019","141","28","0.19860000","0","0.00000000","0.19860000","9","124","112","","0.90320000","0.77290000","0.13030000","2017","136","0","0","136","132","0.97060000"
"00361300","Southern Methodist University","2020","2019","254","16","0.06300000","2","0.00790000","0.07090000","22","267","231","","0.86510000","0.77280000","0.09230000","2017","248","6","1","241","228","0.94610000"
"00362300","St. Mary's University","2020","2019","186","42","0.22580000","0","0.00000000","0.22580000","43","201","140","","0.69650000","0.77310000","-0.07660000","2017","209","4","0","205","172","0.83900000"
"00364200","Texas Southern University","2020","2019","191","35","0.18320000","2","0.01050000","0.19370000","0","156","87","","0.55770000","0.77400000","-0.21630000","2017","131","2","1","128","102","0.79690000"
"00364400","Texas Tech University","2020","2019","136","13","0.09560000","0","0.00000000","0.09560000","11","134","110","","0.82090000","0.77230000","0.04860000","2017","195","7","0","188","174","0.92550000"
"00364500","Texas A&M University","2020","2019","128","15","0.11720000","1","0.00780000","0.12500000","12","124","112","","0.90320000","0.77340000","0.12980000","2017","177","6","0","171","153","0.89470000"
"00365200","University of Houston","2020","2019","221","26","0.11760000","14","0.06330000","0.18100000","31","222","189","","0.85140000","0.77250000","0.07890000","2017","236","7","3","226","200","0.88500000"
"00365800","University of Texas at Austin","2020","2019","304","12","0.03950000","10","0.03290000","0.07240000","16","298","278","","0.93290000","0.77100000","0.16190000","2017","323","2","10","311","301","0.96780000"
"00367000","Brigham Young University","2020","2019","137","22","0.16060000","1","0.00730000","0.16790000","10","124","111","","0.89520000","0.79920000","0.09600000","2017","128","0","2","126","117","0.92860000"
"00367500","University of Utah","2020","2019","81","8","0.09880000","0","0.00000000","0.09880000","0","73","66","","0.90410000","0.84100000","0.06310000","2017","111","5","0","106","99","0.93400000"
"00370500","William and Mary Law School","2020","2019","229","12","0.05240000","10","0.04370000","0.09610000","2","209","190","","0.90910000","0.77530000","0.13380000","2017","208","2","4","202","194","0.96040000"
"00374400","University of Richmond","2020","2019","120","10","0.08330000","1","0.00830000","0.09170000","7","116","95","","0.81900000","0.77320000","0.04580000","2017","149","6","0","143","128","0.89510000"
"00374500","University of Virginia","2020","2019","288","8","0.02780000","0","0.00000000","0.02780000","5","285","273","","0.95790000","0.77690000","0.18100000","2017","297","3","0","294","293","0.99660000"
"00374900","George Mason University","2020","2019","164","27","0.16460000","0","0.00000000","0.16460000","20","157","138","","0.87900000","0.75070000","0.12830000","2017","143","3","1","139","132","0.94960000"
"00376800","Washington and Lee University","2020","2019","110","5","0.04550000","0","0.00000000","0.04550000","2","107","96","","0.89720000","0.76990000","0.12730000","2017","98","0","0","98","93","0.94900000"
"00377800","Gonzaga University","2020","2019","109","15","0.13760000","0","0.00000000","0.13760000","9","103","78","","0.75730000","0.75860000","-0.00130000","2017","103","3","0","100","91","0.91000000"
"00379001","Seattle University","2020","2019","180","53","0.29440000","0","0.00000000","0.29440000","47","174","124","","0.71270000","0.75510000","-0.04240000","2017","240","18","0","222","204","0.91890000"
"00379800","University of Washington","2020","2019","155","18","0.11610000","0","0.00000000","0.11610000","10","147","124","","0.84350000","0.75780000","0.08570000","2017","175","8","3","164","163","0.99390000"
"00382700","West Virginia University","2020","2019","100","9","0.09000000","1","0.01000000","0.10000000","7","99","63","","0.63630000","0.69980000","-0.06350000","2017","110","3","0","107","100","0.93460000"
"00386300","Marquette University","2020","2019","181","0","0.00000000","4","0.02210000","0.02210000","1","178","177","","0.99440000","0.77000000","0.22440000","2017","191","1","0","190","188","0.98950000"
"00389500","University of Wisconsin","2020","2019","151","2","0.01320000","0","0.00000000","0.01320000","0","149","149","","1.00000000","0.76990000","0.23010000","2017","153","0","0","153","153","1.00000000"
"00393200","University of Wyoming","2020","2019","73","16","0.21920000","0","0.00000000","0.21920000","9","66","49","","0.74240000","0.73790000","0.00450000","2017","70","3","0","67","60","0.89550000"
"00393600","Pontifical Catholic University of P.R.","2020","2019","135","78","0.57780000","0","0.00000000","0.57780000","75","132","35","","0.26520000","0.34410000","-0.07890000","2017","140","4","9","127","90","0.70870000"
"00393801","Inter American University of Puerto Rico","2020","2019","168","46","0.27380000","17","0.10120000","0.37500000","77","182","48","","0.26370000","0.35980000","-0.09610000","2017","150","12","0","138","89","0.64490000"
"00394200","University of Puerto Rico","2020","2019","171","38","0.22220000","0","0.00000000","0.22220000","33","166","81","","0.48790000","0.34610000","0.14180000","2017","161","17","0","144","113","0.78470000"
"00394700","University of California-Hastings","2020","2019","316","16","0.05060000","15","0.04750000","0.09810000","16","301","240","","0.79740000","0.70000000","0.09740000","2017","278","0","8","270","226","0.83700000"
"00396900","University of Minnesota","2020","2019","161","12","0.07450000","0","0.00000000","0.07450000","9","158","147","","0.93040000","0.79620000","0.13420000","2017","209","9","0","200","186","0.93000000"
"00497700","South Texas College of Law","2020","2019","259","72","0.27800000","0","0.00000000","0.27800000","67","261","200","","0.76630000","0.77380000","-0.00750000","2017","278","8","1","269","230","0.85500000"
"00891600","New England Law | Boston","2020","2019","146","11","0.07530000","7","0.04790000","0.12330000","5","133","93","","0.69930000","0.81090000","-0.11160000","2017","212","6","11","195","156","0.80000000"
"00927500","Northern Kentucky University","2020","2019","110","17","0.15450000","13","0.11820000","0.27270000","33","113","74","","0.65490000","0.77440000","-0.11950000","2017","112","2","4","106","82","0.77360000"
"00963500","Florida International University","2020","2019","144","21","0.14580000","0","0.00000000","0.14580000","12","135","128","","0.94810000","0.70920000","0.23890000","2017","158","4","0","154","148","0.96100000"
"01014205","Touro College","2020","2019","105","6","0.05710000","0","0.00000000","0.05710000","7","114","73","","0.64030000","0.83920000","-0.19890000","2017","152","4","0","148","119","0.80410000"
"01014913","Pepperdine University","2020","2019","184","22","0.11960000","0","0.00000000","0.11960000","3","165","136","","0.82420000","0.70170000","0.12250000","2017","215","6","0","209","176","0.84210000"
"01039501","University of San Diego","2020","2019","192","29","0.15100000","4","0.02080000","0.17190000","14","173","132","","0.76310000","0.69730000","0.06580000","2017","201","1","6","194","173","0.89180000"
"01085400","Thomas Jefferson School of Law","2020","2019","","","","","","","","","","","","","","","","","","","",""
"01164901","Loyola Marymount University-Los Angeles","2020","2019","320","33","0.10310000","0","0.00000000","0.10310000","23","310","241","","0.77740000","0.69200000","0.08540000","2017","293","7","0","286","265","0.92660000"
"01193400","Vermont Law School","2020","2019","116","17","0.14660000","3","0.02590000","0.17240000","12","118","54","","0.45760000","0.71460000","-0.25700000","2017","126","2","1","123","93","0.75610000"
"01262700","Western Michigan University","2020","2019","279","103","0.36920000","0","0.00000000","0.36920000","99","275","100","","0.36360000","0.71390000","-0.35030000","2017","352","0","46","306","202","0.66010000"
"01310300","California Western School of Law","2020","2019","216","14","0.06480000","0","0.00000000","0.06480000","3","205","101","","0.49260000","0.69430000","-0.20170000","2017","194","3","0","191","155","0.81150000"
"02053000","Liberty University","2020","2019","51","4","0.07840000","0","0.00000000","0.07840000","3","50","46","","0.92000000","0.77250000","0.14750000","2017","62","2","0","60","56","0.93330000"
"02179937","Western State College of Law","2020","2019","114","40","0.35090000","0","0.00000000","0.35090000","18","92","52","","0.56520000","0.69330000","-0.12810000","2017","77","1","0","76","59","0.77630000"
"03091300","Regent University","2020","2019","68","11","0.16180000","2","0.02940000","0.19120000","14","69","57","","0.82610000","0.76990000","0.05620000","2017","85","0","4","81","75","0.92590000"
"03173300","Atlanta's John Marshall Law School","2020","2019","144","43","0.29860000","4","0.02780000","0.32640000","38","135","84","","0.62220000","0.66460000","-0.04240000","2017","169","13","3","153","103","0.67320000"
"03191300","City University of New York","2020","2019","165","12","0.07270000","0","0.00000000","0.07270000","4","160","120","","0.75000000","0.83440000","-0.08440000","2017","94","1","0","93","88","0.94620000"
"03374300","Florida Coastal School of Law","2020","2019","84","22","0.26190000","0","0.00000000","0.26190000","6","68","42","","0.61760000","0.71940000","-0.10180000","2017","228","14","0","214","144","0.67290000"
"03559300","Appalachian School of Law","2020","2019","47","23","0.48940000","0","0.00000000","0.48940000","1","25","12","","0.48000000","0.77190000","-0.29190000","2017","44","0","0","44","34","0.77270000"
"03691400","Ave Maria School of Law","2020","2019","64","21","0.32810000","0","0.00000000","0.32810000","12","55","31","","0.56360000","0.71450000","-0.15090000","2017","74","5","0","69","52","0.75360000"
"04096300","Charleston School of Law","2020","2019","183","39","0.21310000","6","0.03280000","0.24590000","52","190","95","","0.50000000","0.75030000","-0.25030000","2017","114","4","6","104","75","0.72120000"
"04242101","UNT Dallas College Of Law","2020","2019","107","18","0.16820000","0","0.00000000","0.16820000","1","95","66","","0.69480000","0.77390000","-0.07910000","2017","40","1","0","39","34","0.87180000"
